"","Q1","Q2","Q3","Q4","Q5","Q6","Q7","Q8","Q9","Q10","age","gender"
"1",1,0,1,1,0,1,1,0,1,0,20,0
"2",1,0,1,1,1,0,1,0,1,0,20,0
"3",1,0,1,1,0,0,0,0,1,0,20,0
"4",1,0,1,1,0,0,1,0,1,1,20,0
"5",1,0,1,1,0,0,1,0,1,0,20,0
"6",1,0,1,1,1,0,1,0,1,1,20,0
"7",1,0,1,1,0,0,1,0,1,1,20,0
"8",1,1,1,1,1,0,0,0,1,0,20,0
"9",1,1,1,1,0,0,0,0,1,0,20,0
"10",1,0,1,1,0,0,1,0,1,0,20,0
"11",1,0,1,1,0,0,1,0,1,1,20,0
"12",1,1,1,1,0,1,1,0,1,0,20,0
"13",1,0,1,1,1,0,1,0,0,0,20,0
"14",1,0,1,0,1,0,0,0,0,0,20,0
"15",1,0,1,0,0,0,0,0,1,0,20,0
"16",0,0,1,1,0,0,1,1,1,0,20,0
"17",1,1,1,1,0,0,1,0,1,0,20,0
"18",1,0,1,0,0,0,1,0,1,0,20,0
"19",1,0,1,1,0,0,1,0,1,0,20,0
"20",1,1,1,1,0,0,1,0,1,0,20,0
"21",1,1,1,1,0,0,1,0,1,0,20,0
"22",1,1,1,1,1,1,1,1,1,0,20,0
"23",1,0,1,1,1,0,1,0,1,0,20,0
"24",0,0,1,1,0,0,1,1,1,0,20,0
"25",1,0,0,1,0,0,1,0,1,0,20,0
"26",1,0,1,1,1,1,1,0,1,0,20,0
"27",1,0,1,1,0,0,1,0,1,0,20,0
"28",1,0,1,1,0,0,1,0,1,0,20,0
"29",1,0,1,0,0,0,1,0,1,1,20,0
"30",1,0,1,1,1,0,1,1,0,0,20,0
"31",0,0,1,1,0,0,1,0,1,0,20,0
"32",1,0,1,1,0,0,1,0,1,0,20,0
"33",1,0,1,1,0,0,1,0,1,0,20,0
"34",1,0,1,1,1,0,0,1,1,0,20,0
"35",1,1,1,1,0,0,0,0,0,0,20,0
"36",1,0,1,1,0,0,1,0,1,0,20,0
"37",1,1,1,1,0,0,1,0,1,0,20,0
"38",0,0,1,1,1,0,1,0,1,0,20,0
"39",1,0,1,1,0,0,1,1,1,0,20,0
"40",1,1,1,0,0,0,1,0,1,0,20,0
"41",1,0,1,1,0,0,1,0,1,0,20,0
"42",1,0,1,1,0,0,1,0,1,1,20,0
"43",0,0,1,1,1,0,1,0,1,1,20,0
"44",1,0,1,1,0,0,0,1,1,1,20,0
"45",1,0,1,0,0,0,1,1,1,0,20,0
"46",0,1,1,1,0,0,1,0,1,0,20,0
"47",0,1,1,0,0,0,0,0,1,0,20,0
"48",1,0,1,1,0,1,1,0,1,0,20,0
"49",1,0,1,1,0,0,1,0,1,0,20,0
"50",0,1,1,1,0,0,1,0,1,0,20,0
"51",1,0,1,1,0,0,1,0,1,0,20,0
"52",1,1,1,1,0,0,1,0,1,0,20,0
"53",1,0,1,0,0,0,1,0,1,0,20,0
"54",1,0,1,1,0,0,0,0,1,0,20,0
"55",1,0,1,0,1,0,1,0,1,1,20,0
"56",1,0,1,1,0,0,1,0,1,1,20,0
"57",0,0,1,1,0,0,1,0,1,0,20,0
"58",1,0,1,1,0,0,1,0,1,0,20,0
"59",1,0,0,1,0,0,1,0,1,1,20,0
"60",1,0,1,1,0,0,1,0,1,0,20,0
"61",1,0,1,1,0,0,1,0,1,0,20,0
"62",1,0,1,1,0,0,1,0,1,0,20,0
"63",0,0,1,1,0,0,1,0,0,1,20,0
"64",1,0,1,1,0,0,1,1,1,1,20,0
"65",1,0,1,1,0,0,0,0,1,0,20,0
"66",0,0,1,0,0,0,1,0,1,0,20,0
"67",1,0,1,1,0,0,1,0,1,0,20,0
"68",1,1,1,1,0,0,1,0,1,0,20,0
"69",1,0,1,1,0,0,1,0,1,0,20,0
"70",1,0,1,1,0,0,1,0,1,0,20,0
"71",1,0,1,1,0,0,1,0,1,0,20,0
"72",0,0,1,0,0,0,1,0,1,0,20,0
"73",1,0,1,0,1,0,1,0,1,0,20,0
"74",0,0,1,1,0,0,1,0,1,0,20,0
"75",1,1,1,1,0,0,1,0,1,1,20,0
"76",1,1,1,1,0,0,1,0,1,0,20,0
"77",1,0,1,1,0,0,1,0,1,0,20,0
"78",1,0,1,1,1,0,1,0,1,0,20,0
"79",1,0,1,1,0,0,1,1,1,1,20,0
"80",1,1,1,0,0,0,1,0,1,0,20,0
"81",1,1,1,0,0,0,1,0,1,0,20,0
"82",1,0,1,1,0,0,1,0,1,0,20,0
"83",1,0,1,1,0,0,1,0,1,0,20,0
"84",1,0,1,1,0,0,1,0,1,1,20,0
"85",1,0,1,1,0,0,1,0,1,0,20,0
"86",1,1,1,1,1,0,0,0,1,0,20,0
"87",1,1,1,1,0,0,1,0,1,1,20,0
"88",1,0,1,1,0,0,1,1,1,0,20,0
"89",1,0,1,1,1,0,1,0,1,0,20,0
"90",1,0,1,0,0,0,1,0,1,1,20,0
"91",1,0,1,1,1,0,1,0,1,0,20,0
"92",1,1,1,0,0,0,1,0,1,0,20,0
"93",1,1,1,1,0,0,1,0,1,0,20,0
"94",1,0,1,1,1,0,1,0,1,0,20,0
"95",1,0,1,1,0,0,1,0,1,0,20,0
"96",1,1,1,1,0,0,1,0,1,0,20,0
"97",1,0,1,1,0,0,1,0,1,0,20,0
"98",0,0,1,1,0,0,1,0,1,0,20,0
"99",0,0,1,1,0,0,1,0,1,1,20,0
"100",1,0,0,1,1,0,1,0,1,1,20,0
"101",1,0,1,1,0,1,1,0,0,0,25,0
"102",1,0,1,1,1,1,0,0,0,0,25,0
"103",0,0,1,1,0,0,1,0,0,0,25,0
"104",1,0,1,1,0,0,1,0,1,0,25,0
"105",1,1,0,1,0,0,0,1,0,0,25,0
"106",1,0,0,1,0,0,1,0,0,0,25,0
"107",0,0,0,1,0,1,0,0,1,0,25,0
"108",0,0,0,1,0,1,1,0,0,0,25,0
"109",1,0,1,0,1,0,1,0,0,0,25,0
"110",1,0,1,1,0,1,0,0,0,1,25,0
"111",1,0,0,1,0,0,1,0,1,1,25,0
"112",1,1,1,1,0,0,0,0,1,0,25,0
"113",1,0,0,1,0,1,1,1,1,0,25,0
"114",1,1,1,1,0,0,1,0,1,1,25,0
"115",1,0,1,1,1,0,1,0,0,0,25,0
"116",1,0,1,1,0,1,1,0,1,1,25,0
"117",1,0,0,1,0,0,1,0,1,0,25,0
"118",1,1,1,0,0,0,1,0,1,0,25,0
"119",1,0,0,1,0,0,0,1,1,0,25,0
"120",1,0,1,1,0,0,1,0,1,1,25,0
"121",1,0,0,1,0,0,0,0,1,1,25,0
"122",1,0,1,1,0,0,1,0,1,0,25,0
"123",1,1,1,0,0,0,0,1,1,0,25,0
"124",1,1,1,1,0,0,1,0,1,0,25,0
"125",1,0,1,0,0,0,1,0,1,0,25,0
"126",1,0,1,1,0,0,0,0,1,1,25,0
"127",1,0,0,0,0,0,0,0,1,0,25,0
"128",0,0,1,1,0,1,1,0,1,1,25,0
"129",0,1,1,0,1,0,0,1,0,0,25,0
"130",1,0,1,1,0,0,0,0,1,0,25,0
"131",1,0,1,1,0,0,0,0,1,1,25,0
"132",1,0,0,1,0,0,1,0,1,1,25,0
"133",0,0,0,1,0,1,1,0,1,0,25,0
"134",1,0,1,1,1,1,1,0,0,0,25,0
"135",1,0,1,1,0,1,1,0,1,0,25,0
"136",0,1,0,0,0,0,1,0,1,1,25,0
"137",1,0,1,1,1,0,1,0,0,0,25,0
"138",1,0,1,1,0,0,0,1,1,0,25,0
"139",1,0,1,0,0,0,1,0,1,0,25,0
"140",0,1,1,1,0,0,1,0,1,0,25,0
"141",1,0,1,1,1,1,1,0,1,1,25,0
"142",1,1,1,1,0,0,1,0,1,1,25,0
"143",1,1,1,1,1,1,1,0,1,0,25,0
"144",1,0,1,1,0,0,1,1,1,0,25,0
"145",1,0,1,0,0,0,1,0,1,0,25,0
"146",1,0,1,1,0,0,1,0,1,0,25,0
"147",1,0,1,1,0,0,0,0,1,1,25,0
"148",0,0,0,1,0,0,1,0,1,0,25,0
"149",1,0,1,1,0,1,1,0,0,0,25,0
"150",0,0,1,1,0,0,0,0,0,1,25,0
"151",1,0,1,0,1,0,1,1,1,0,25,0
"152",1,0,1,1,0,0,1,0,1,0,25,0
"153",0,0,0,1,1,0,1,0,1,1,25,0
"154",1,1,1,1,0,0,1,0,1,0,25,0
"155",1,1,1,1,1,0,1,0,0,0,25,0
"156",1,0,1,1,0,0,1,0,1,0,25,0
"157",1,0,0,1,0,0,1,0,0,0,25,0
"158",1,0,1,1,0,0,0,0,1,0,25,0
"159",1,1,1,1,0,0,1,0,1,0,25,0
"160",0,0,1,1,0,1,1,0,1,0,25,0
"161",1,1,1,1,0,1,0,1,0,0,25,0
"162",1,0,1,1,0,0,1,0,1,0,25,0
"163",1,0,1,0,0,0,1,0,1,1,25,0
"164",1,0,1,1,0,1,1,0,1,1,25,0
"165",1,0,1,1,0,1,1,0,0,0,25,0
"166",1,0,0,1,0,1,0,0,1,1,25,0
"167",1,0,0,1,1,0,1,0,0,0,25,0
"168",0,0,1,1,1,1,1,0,1,0,25,0
"169",0,0,1,1,0,0,1,0,1,0,25,0
"170",1,0,1,1,1,0,1,0,1,0,25,0
"171",1,0,1,1,0,0,1,1,1,1,25,0
"172",1,0,1,1,0,1,1,0,1,0,25,0
"173",1,0,1,1,0,0,1,0,1,1,25,0
"174",1,0,1,1,0,1,1,0,1,0,25,0
"175",1,0,1,1,1,0,1,0,1,0,25,0
"176",1,0,1,1,0,0,1,0,1,0,25,0
"177",1,0,0,1,0,1,1,0,1,0,25,0
"178",1,0,0,1,0,0,1,0,1,0,25,0
"179",1,0,1,1,0,0,1,0,0,0,25,0
"180",1,1,1,0,0,0,1,0,1,0,25,0
"181",1,0,0,0,0,0,1,0,1,0,25,0
"182",0,0,1,1,1,0,1,0,1,0,25,0
"183",1,0,0,1,0,1,0,0,1,0,25,0
"184",1,0,1,1,1,0,1,0,1,1,25,0
"185",1,0,1,1,0,0,1,0,0,0,25,0
"186",1,0,1,1,0,0,1,0,1,1,25,0
"187",1,0,1,1,0,0,1,1,0,0,25,0
"188",1,0,1,1,0,0,1,1,1,0,25,0
"189",1,0,1,0,1,0,1,0,1,0,25,0
"190",0,0,1,1,0,0,0,1,1,0,25,0
"191",1,0,1,1,1,1,1,0,1,0,25,0
"192",1,0,0,1,1,0,1,0,0,1,25,0
"193",1,0,1,1,0,0,0,0,1,1,25,0
"194",1,1,0,1,0,0,0,0,0,0,25,0
"195",1,0,1,1,1,0,1,0,0,0,25,0
"196",1,0,1,0,1,0,1,0,1,0,25,0
"197",1,0,1,1,0,0,1,0,1,1,25,0
"198",1,0,1,0,0,0,1,0,1,0,25,0
"199",1,1,1,1,0,0,1,1,0,0,25,0
"200",1,0,1,0,0,0,1,0,1,0,25,0
"201",0,0,1,0,0,1,1,0,1,0,30,0
"202",0,0,1,1,0,1,1,0,0,0,30,0
"203",1,0,1,1,0,0,1,0,1,0,30,0
"204",1,0,1,1,0,0,0,0,1,0,30,0
"205",0,0,0,1,0,0,0,1,1,0,30,0
"206",1,0,1,1,0,0,1,1,1,0,30,0
"207",0,1,0,0,0,0,0,0,1,1,30,0
"208",1,0,1,1,0,1,1,0,1,0,30,0
"209",1,0,1,0,1,0,1,0,1,0,30,0
"210",1,0,1,1,0,0,0,1,1,0,30,0
"211",0,1,1,1,0,1,1,0,0,0,30,0
"212",0,0,1,1,0,1,0,1,1,0,30,0
"213",1,0,1,1,1,0,1,1,1,0,30,0
"214",1,1,1,1,0,1,1,1,1,1,30,0
"215",1,0,1,1,0,1,0,1,0,0,30,0
"216",1,0,0,1,0,1,0,1,0,0,30,0
"217",0,0,0,1,0,1,1,0,1,0,30,0
"218",0,0,1,1,1,0,0,0,1,0,30,0
"219",1,0,0,0,1,0,0,0,1,0,30,0
"220",1,0,1,0,0,1,1,0,1,0,30,0
"221",1,0,1,1,0,0,1,1,1,1,30,0
"222",1,0,1,1,0,0,0,0,1,0,30,0
"223",1,0,0,1,0,0,1,0,1,1,30,0
"224",1,1,0,1,0,0,1,0,0,0,30,0
"225",1,0,0,1,0,1,1,0,1,0,30,0
"226",1,0,1,1,0,1,1,0,1,1,30,0
"227",1,0,0,1,1,0,0,1,1,0,30,0
"228",1,1,1,1,0,0,0,0,1,0,30,0
"229",1,0,1,1,0,0,1,0,1,0,30,0
"230",1,0,1,1,0,0,0,1,1,0,30,0
"231",1,0,1,0,0,0,1,1,0,0,30,0
"232",1,1,0,1,0,0,1,1,1,1,30,0
"233",0,0,1,0,0,1,1,0,1,0,30,0
"234",1,0,0,1,0,0,1,0,1,0,30,0
"235",1,0,1,1,0,1,1,1,0,1,30,0
"236",1,0,1,1,1,1,0,0,1,1,30,0
"237",0,1,1,1,0,0,1,1,0,0,30,0
"238",1,1,1,1,0,1,1,1,1,1,30,0
"239",1,0,1,1,0,1,1,1,0,1,30,0
"240",0,0,1,0,0,0,1,0,0,0,30,0
"241",0,0,1,1,0,0,1,0,1,0,30,0
"242",1,0,1,1,0,0,1,1,0,1,30,0
"243",0,0,1,1,0,0,1,0,0,0,30,0
"244",1,0,1,1,0,0,1,1,1,0,30,0
"245",0,0,0,1,0,0,1,0,1,0,30,0
"246",0,1,1,0,0,1,1,1,0,0,30,0
"247",1,0,0,1,0,1,0,1,0,0,30,0
"248",1,0,0,0,0,1,1,0,0,1,30,0
"249",1,1,1,1,1,1,1,0,1,0,30,0
"250",1,1,1,1,0,0,1,0,0,0,30,0
"251",1,0,0,1,0,1,0,0,0,0,30,0
"252",1,0,1,1,0,0,1,1,0,0,30,0
"253",1,0,0,1,0,0,1,0,1,1,30,0
"254",1,1,1,1,0,0,1,0,0,0,30,0
"255",1,0,1,1,0,0,0,0,1,0,30,0
"256",1,1,1,1,0,0,0,1,1,0,30,0
"257",1,0,1,1,0,0,0,0,1,0,30,0
"258",1,1,0,1,0,0,1,0,0,0,30,0
"259",0,0,1,1,1,0,1,0,1,0,30,0
"260",1,0,0,1,0,0,1,1,1,0,30,0
"261",1,0,0,1,1,0,0,0,1,1,30,0
"262",0,0,1,1,0,0,1,0,1,0,30,0
"263",0,0,1,1,0,1,0,1,0,0,30,0
"264",1,1,1,1,1,1,1,0,1,0,30,0
"265",1,0,1,1,0,0,1,1,0,0,30,0
"266",1,0,1,1,0,1,0,0,1,0,30,0
"267",1,0,1,0,0,1,1,1,1,0,30,0
"268",1,0,0,1,0,0,1,1,0,0,30,0
"269",1,1,1,1,0,0,1,0,0,1,30,0
"270",1,0,0,1,0,0,1,0,1,0,30,0
"271",1,0,1,1,1,1,1,1,1,0,30,0
"272",1,0,0,1,0,1,1,0,0,0,30,0
"273",0,1,1,1,0,0,1,0,1,0,30,0
"274",1,0,1,1,0,0,1,0,1,0,30,0
"275",0,0,1,1,1,0,1,0,1,0,30,0
"276",1,0,1,1,1,1,1,0,1,0,30,0
"277",0,1,1,1,1,0,0,0,1,0,30,0
"278",1,0,1,0,1,0,1,0,1,0,30,0
"279",1,0,1,1,1,0,1,1,1,0,30,0
"280",1,0,0,1,1,0,1,0,1,0,30,0
"281",1,0,1,1,0,0,1,0,1,0,30,0
"282",1,0,1,0,1,0,1,0,1,0,30,0
"283",1,0,1,1,1,0,0,0,1,1,30,0
"284",1,0,0,1,0,1,1,0,1,0,30,0
"285",1,0,1,0,0,0,0,1,1,0,30,0
"286",1,0,0,1,1,0,1,1,1,0,30,0
"287",1,1,1,0,0,1,1,0,1,0,30,0
"288",0,1,1,1,0,0,1,0,1,0,30,0
"289",1,0,1,1,0,0,0,0,1,0,30,0
"290",1,0,1,1,0,0,1,1,0,0,30,0
"291",1,0,1,1,0,0,0,0,1,0,30,0
"292",1,0,0,1,0,1,1,0,0,0,30,0
"293",1,0,1,1,0,0,0,1,1,0,30,0
"294",1,0,1,0,0,1,1,1,1,0,30,0
"295",1,1,0,1,0,0,1,0,1,0,30,0
"296",1,0,1,0,0,1,1,0,1,0,30,0
"297",1,0,1,0,0,0,0,0,1,1,30,0
"298",1,0,0,1,0,0,0,0,1,0,30,0
"299",0,0,0,1,0,0,0,0,1,0,30,0
"300",1,0,0,1,1,0,1,0,1,0,30,0
"301",1,0,1,1,1,1,1,1,1,0,35,0
"302",1,1,0,1,0,0,1,0,1,0,35,0
"303",0,1,0,1,0,0,1,1,1,0,35,0
"304",0,0,0,1,0,0,1,0,1,0,35,0
"305",0,1,1,1,0,1,1,0,0,0,35,0
"306",1,1,0,1,1,0,0,0,0,1,35,0
"307",1,0,1,1,0,0,1,0,1,0,35,0
"308",0,0,1,1,0,1,0,0,0,0,35,0
"309",1,1,1,1,0,0,0,0,1,0,35,0
"310",1,0,0,1,0,0,1,0,0,0,35,0
"311",0,1,1,1,0,0,1,0,0,0,35,0
"312",0,1,1,0,0,1,0,0,0,0,35,0
"313",1,0,1,1,1,0,0,0,1,0,35,0
"314",1,0,1,1,1,1,1,1,0,1,35,0
"315",1,0,1,0,0,0,1,1,0,0,35,0
"316",1,0,1,1,0,0,1,0,1,1,35,0
"317",1,0,1,1,1,1,1,0,0,0,35,0
"318",0,0,1,0,0,1,1,1,1,0,35,0
"319",1,1,1,1,0,1,0,0,0,0,35,0
"320",1,0,1,1,0,1,1,0,0,0,35,0
"321",1,1,0,0,1,0,0,0,0,0,35,0
"322",0,1,0,1,1,0,1,0,1,0,35,0
"323",1,0,1,1,0,1,0,0,1,0,35,0
"324",1,0,1,0,1,0,1,1,1,0,35,0
"325",1,0,1,0,0,0,1,0,1,0,35,0
"326",1,1,0,1,0,1,1,1,1,0,35,0
"327",0,0,1,1,0,0,1,0,1,0,35,0
"328",1,0,0,1,0,0,1,0,0,0,35,0
"329",1,0,0,1,0,1,0,0,0,0,35,0
"330",1,0,1,0,0,1,1,0,1,0,35,0
"331",1,0,1,1,0,0,1,0,1,0,35,0
"332",1,0,1,1,0,1,1,0,1,1,35,0
"333",0,0,0,1,0,0,0,1,1,0,35,0
"334",1,0,0,0,1,0,1,1,1,1,35,0
"335",1,0,0,1,0,0,0,0,1,0,35,0
"336",0,0,0,1,0,0,1,0,1,0,35,0
"337",1,0,1,1,0,0,1,1,0,0,35,0
"338",1,0,0,1,1,1,1,1,1,0,35,0
"339",1,0,1,1,0,0,1,0,1,0,35,0
"340",1,0,1,1,0,1,0,1,1,0,35,0
"341",1,0,0,1,0,0,0,0,0,0,35,0
"342",1,0,1,1,0,0,0,0,1,1,35,0
"343",1,1,1,1,0,0,1,0,0,0,35,0
"344",1,0,1,0,0,1,1,0,1,0,35,0
"345",1,0,1,1,0,0,1,0,0,1,35,0
"346",1,0,1,0,1,0,1,0,0,0,35,0
"347",1,1,1,1,0,1,0,1,0,1,35,0
"348",1,1,0,0,0,1,0,0,0,1,35,0
"349",0,0,0,1,0,0,1,0,0,0,35,0
"350",1,0,0,1,0,1,0,0,1,0,35,0
"351",0,1,1,1,0,0,1,0,1,1,35,0
"352",0,1,0,0,0,1,1,1,0,0,35,0
"353",1,0,1,1,0,1,0,0,0,0,35,0
"354",1,0,1,1,0,0,0,0,0,0,35,0
"355",1,0,0,1,0,0,0,0,1,0,35,0
"356",1,0,1,1,0,1,1,1,1,1,35,0
"357",1,0,0,1,1,0,0,1,0,0,35,0
"358",1,1,0,1,0,0,1,0,1,1,35,0
"359",1,0,1,0,0,0,1,1,1,1,35,0
"360",1,0,0,1,0,1,0,0,1,0,35,0
"361",1,0,0,1,0,1,1,0,1,1,35,0
"362",1,0,0,1,0,0,1,1,0,0,35,0
"363",1,1,0,1,0,0,1,0,1,0,35,0
"364",1,0,0,1,0,0,1,0,0,0,35,0
"365",0,1,0,0,1,0,0,0,0,0,35,0
"366",1,0,0,1,0,0,0,0,0,0,35,0
"367",1,0,1,1,0,1,0,0,1,0,35,0
"368",1,0,1,1,0,1,1,0,1,1,35,0
"369",0,0,0,1,0,0,1,1,0,0,35,0
"370",1,1,0,1,0,0,0,1,1,1,35,0
"371",1,0,0,1,0,0,0,1,0,0,35,0
"372",0,1,1,1,0,1,1,1,0,0,35,0
"373",1,0,1,1,0,1,1,0,0,0,35,0
"374",0,0,1,1,0,1,1,1,0,0,35,0
"375",1,0,1,1,0,0,1,0,1,0,35,0
"376",1,0,0,1,0,1,0,1,0,0,35,0
"377",1,0,1,1,0,0,0,0,1,1,35,0
"378",0,1,1,1,0,1,1,0,0,0,35,0
"379",1,0,1,0,0,0,1,0,1,0,35,0
"380",1,0,1,1,0,0,1,0,0,0,35,0
"381",1,0,1,1,0,1,0,1,0,0,35,0
"382",0,1,1,1,1,1,1,1,0,1,35,0
"383",1,0,0,1,0,1,0,1,1,0,35,0
"384",1,0,1,0,0,0,1,0,0,0,35,0
"385",0,0,1,1,1,0,1,1,1,0,35,0
"386",1,0,1,1,1,0,1,0,0,0,35,0
"387",1,0,1,1,1,0,1,0,1,0,35,0
"388",1,1,1,1,0,0,0,1,1,0,35,0
"389",1,0,1,1,0,1,1,1,0,1,35,0
"390",1,0,1,0,0,0,1,0,0,1,35,0
"391",1,0,0,1,0,0,1,0,1,1,35,0
"392",1,0,1,1,0,0,0,0,0,1,35,0
"393",1,0,0,1,0,1,0,1,0,0,35,0
"394",1,1,1,1,0,0,1,1,0,0,35,0
"395",1,0,1,0,0,0,0,0,1,0,35,0
"396",1,0,1,1,0,0,1,1,1,0,35,0
"397",1,0,1,1,0,1,1,0,1,0,35,0
"398",1,0,0,1,0,0,1,1,0,0,35,0
"399",0,0,1,1,0,0,0,0,1,0,35,0
"400",1,0,1,1,0,0,0,0,0,0,35,0
"401",1,0,0,1,0,0,0,0,1,0,40,0
"402",1,0,1,1,1,1,1,1,1,0,40,0
"403",0,1,1,0,0,0,0,0,1,0,40,0
"404",1,1,0,1,0,0,0,1,0,1,40,0
"405",1,0,1,1,0,1,0,1,0,1,40,0
"406",0,0,1,1,0,0,1,0,0,1,40,0
"407",1,0,0,1,1,1,1,0,0,0,40,0
"408",1,0,0,1,0,0,1,1,1,0,40,0
"409",0,0,0,0,0,0,0,0,1,1,40,0
"410",1,0,1,1,0,0,0,1,0,0,40,0
"411",1,0,1,0,0,0,0,0,0,0,40,0
"412",1,0,1,1,0,0,0,1,1,1,40,0
"413",1,0,0,0,0,1,1,1,1,0,40,0
"414",1,0,1,1,1,0,0,1,1,0,40,0
"415",0,0,0,1,0,0,1,0,1,0,40,0
"416",1,0,1,1,0,1,0,0,0,1,40,0
"417",1,0,1,1,1,1,0,0,1,0,40,0
"418",1,1,1,0,0,0,1,0,1,0,40,0
"419",1,0,0,1,0,1,1,0,0,1,40,0
"420",1,0,0,1,0,1,1,0,0,1,40,0
"421",1,1,1,0,0,1,1,0,0,0,40,0
"422",1,0,0,1,0,1,0,0,0,0,40,0
"423",1,0,0,1,1,1,0,0,1,0,40,0
"424",1,1,0,1,1,0,0,0,0,0,40,0
"425",1,0,1,1,0,1,0,1,1,0,40,0
"426",0,0,0,1,0,1,0,0,0,0,40,0
"427",1,0,1,1,1,1,1,1,1,0,40,0
"428",0,0,0,0,1,0,0,1,0,0,40,0
"429",0,0,0,1,1,1,1,1,0,0,40,0
"430",1,0,1,1,0,1,1,1,1,0,40,0
"431",0,0,1,1,0,1,0,0,0,0,40,0
"432",0,0,0,1,0,0,0,1,1,0,40,0
"433",1,0,1,1,0,1,1,1,1,0,40,0
"434",0,0,1,1,1,0,0,0,1,0,40,0
"435",1,0,0,1,1,1,1,0,0,0,40,0
"436",1,0,0,1,0,1,1,1,0,0,40,0
"437",1,1,0,1,0,1,1,1,1,0,40,0
"438",0,0,1,0,0,0,0,1,1,0,40,0
"439",0,0,1,1,1,1,1,0,0,1,40,0
"440",1,0,1,0,0,1,1,1,0,0,40,0
"441",1,0,0,0,0,0,0,1,0,0,40,0
"442",1,0,1,1,0,0,1,1,1,1,40,0
"443",0,0,0,0,0,1,1,1,0,0,40,0
"444",1,1,1,1,0,1,1,1,1,0,40,0
"445",0,0,1,1,0,0,0,1,0,0,40,0
"446",1,0,1,1,0,1,1,1,0,0,40,0
"447",1,0,1,0,0,1,0,0,1,1,40,0
"448",1,0,0,1,0,0,0,1,1,0,40,0
"449",1,1,1,1,0,1,0,0,0,0,40,0
"450",1,0,1,0,0,0,1,1,0,0,40,0
"451",1,0,0,1,0,1,1,1,1,1,40,0
"452",1,1,0,1,0,0,0,0,1,1,40,0
"453",0,1,0,1,0,1,1,1,1,1,40,0
"454",1,0,1,0,0,0,1,0,1,1,40,0
"455",1,0,0,1,0,1,0,0,1,0,40,0
"456",0,0,0,0,0,0,0,1,1,1,40,0
"457",1,0,1,0,0,0,0,1,0,0,40,0
"458",1,0,1,1,1,1,0,0,1,0,40,0
"459",1,0,1,0,1,0,1,0,0,0,40,0
"460",1,0,1,1,0,1,1,1,1,0,40,0
"461",1,0,1,1,0,1,0,1,1,0,40,0
"462",1,1,1,1,1,1,1,0,1,0,40,0
"463",1,0,1,0,0,0,0,0,1,1,40,0
"464",1,0,0,1,0,0,1,1,0,0,40,0
"465",1,0,0,1,0,0,1,0,0,0,40,0
"466",0,0,1,1,1,0,1,1,1,0,40,0
"467",0,0,0,1,0,1,1,1,1,0,40,0
"468",1,0,1,0,0,0,0,1,1,0,40,0
"469",1,0,1,0,0,1,0,0,0,0,40,0
"470",1,1,1,1,0,1,0,0,0,0,40,0
"471",1,0,1,1,0,1,0,1,1,1,40,0
"472",1,0,0,1,0,1,0,1,1,0,40,0
"473",1,0,1,1,0,1,0,1,0,0,40,0
"474",1,0,1,1,0,1,1,1,0,0,40,0
"475",1,1,1,1,0,0,0,1,1,1,40,0
"476",1,0,1,1,0,1,1,1,0,0,40,0
"477",1,0,0,1,0,0,1,0,1,1,40,0
"478",1,0,1,1,0,1,0,1,1,0,40,0
"479",1,0,0,1,0,0,0,0,1,0,40,0
"480",0,0,0,1,0,0,0,1,0,0,40,0
"481",0,0,0,0,0,0,1,0,1,0,40,0
"482",1,1,0,1,0,0,1,1,0,0,40,0
"483",1,0,0,1,0,1,0,0,0,0,40,0
"484",1,0,0,1,0,0,0,0,0,0,40,0
"485",0,0,1,1,0,0,0,0,0,0,40,0
"486",1,0,0,1,0,1,0,0,1,1,40,0
"487",1,0,1,1,0,1,1,0,0,0,40,0
"488",1,1,1,1,0,0,0,1,0,0,40,0
"489",1,0,1,1,1,1,1,0,1,0,40,0
"490",1,0,1,1,0,0,1,1,1,0,40,0
"491",1,0,1,1,1,1,0,1,0,0,40,0
"492",1,0,0,1,0,1,0,0,1,0,40,0
"493",1,0,1,1,0,1,0,0,0,0,40,0
"494",0,1,0,0,0,1,1,1,0,0,40,0
"495",1,0,0,1,0,0,0,1,0,0,40,0
"496",1,1,1,0,1,0,0,0,0,0,40,0
"497",0,0,1,1,0,1,0,0,1,0,40,0
"498",1,0,1,0,0,0,0,0,0,0,40,0
"499",1,0,0,1,1,1,0,1,1,0,40,0
"500",1,0,1,1,0,1,1,1,0,0,40,0
"501",0,0,1,1,1,0,1,0,0,1,45,0
"502",1,1,0,0,0,1,1,1,0,0,45,0
"503",1,0,1,1,0,0,1,1,1,0,45,0
"504",1,1,0,1,0,1,0,0,1,0,45,0
"505",1,1,0,1,0,1,1,1,0,0,45,0
"506",0,0,0,0,0,0,1,1,0,0,45,0
"507",0,0,0,1,0,1,0,0,0,0,45,0
"508",1,0,0,1,0,0,1,0,1,0,45,0
"509",1,0,1,1,0,0,0,1,1,0,45,0
"510",1,0,0,0,1,1,0,0,0,0,45,0
"511",0,0,0,0,0,1,0,1,0,0,45,0
"512",1,0,0,1,0,1,0,0,0,0,45,0
"513",1,1,0,1,0,0,1,1,0,0,45,0
"514",1,0,0,1,0,1,0,0,1,0,45,0
"515",0,0,1,1,0,0,1,0,0,0,45,0
"516",1,0,0,1,0,1,0,1,0,0,45,0
"517",1,0,0,1,0,1,1,0,0,0,45,0
"518",1,0,1,1,0,1,0,1,0,0,45,0
"519",0,1,1,0,0,0,0,1,1,1,45,0
"520",1,0,0,1,0,1,0,1,1,0,45,0
"521",1,0,0,1,0,1,1,1,1,0,45,0
"522",1,0,0,1,0,0,1,0,0,1,45,0
"523",1,0,1,1,1,0,0,0,1,0,45,0
"524",1,0,0,1,0,1,0,0,0,0,45,0
"525",1,1,1,0,0,0,1,1,1,0,45,0
"526",1,1,0,0,0,0,0,1,1,0,45,0
"527",1,1,0,1,0,1,0,0,0,1,45,0
"528",1,1,0,1,1,1,0,1,0,0,45,0
"529",1,0,1,1,0,0,1,0,0,0,45,0
"530",1,0,1,1,0,0,1,0,0,0,45,0
"531",1,0,1,0,1,1,0,1,0,0,45,0
"532",1,1,0,1,0,0,0,0,1,0,45,0
"533",1,0,0,1,0,0,0,1,1,0,45,0
"534",1,0,1,1,1,1,1,0,0,0,45,0
"535",1,0,0,1,0,0,1,1,1,0,45,0
"536",0,0,0,1,0,0,1,1,0,0,45,0
"537",1,0,0,1,0,1,0,1,0,0,45,0
"538",0,0,0,1,0,0,1,0,1,1,45,0
"539",0,0,1,1,0,1,1,1,1,0,45,0
"540",1,0,1,1,0,0,0,0,0,0,45,0
"541",0,0,1,0,0,1,0,1,0,0,45,0
"542",1,0,0,0,1,0,0,1,1,0,45,0
"543",1,0,1,1,1,0,1,0,1,0,45,0
"544",1,0,1,1,0,1,0,1,0,0,45,0
"545",1,1,0,1,0,0,0,0,1,0,45,0
"546",1,0,1,1,0,1,0,1,0,0,45,0
"547",1,0,1,1,1,0,0,1,1,0,45,0
"548",1,1,0,1,0,1,0,1,0,0,45,0
"549",1,0,0,1,0,0,0,1,0,0,45,0
"550",1,1,0,1,0,0,0,1,0,0,45,0
"551",1,0,1,1,0,1,1,1,0,0,45,0
"552",1,0,0,1,0,0,0,1,0,0,45,0
"553",0,0,1,0,0,1,0,0,0,0,45,0
"554",1,0,1,0,0,0,1,0,0,0,45,0
"555",1,0,1,0,0,1,1,1,0,0,45,0
"556",1,0,0,1,0,0,0,1,1,0,45,0
"557",1,1,0,1,0,0,0,1,0,1,45,0
"558",1,1,0,1,0,1,1,1,1,1,45,0
"559",1,0,0,1,1,1,1,0,0,0,45,0
"560",1,0,0,1,0,0,0,1,0,1,45,0
"561",1,0,1,1,1,0,0,1,0,0,45,0
"562",1,0,1,1,1,0,1,0,0,0,45,0
"563",1,0,0,0,0,0,0,0,0,0,45,0
"564",1,0,0,1,0,1,1,1,1,0,45,0
"565",1,0,1,1,0,1,1,1,0,0,45,0
"566",1,0,1,1,1,0,0,1,1,0,45,0
"567",1,1,1,1,0,1,0,1,0,1,45,0
"568",1,1,1,1,0,1,0,1,1,0,45,0
"569",1,0,1,1,1,0,1,0,1,0,45,0
"570",1,0,0,1,0,1,1,1,1,0,45,0
"571",1,0,0,1,0,1,0,0,0,0,45,0
"572",1,0,1,1,0,1,0,0,1,0,45,0
"573",1,0,0,0,0,1,0,1,1,0,45,0
"574",1,1,1,1,0,1,1,0,0,0,45,0
"575",1,0,0,1,0,0,0,0,1,0,45,0
"576",1,0,1,1,0,1,0,0,0,0,45,0
"577",1,0,0,1,0,1,0,1,0,0,45,0
"578",0,0,0,1,0,1,1,0,0,0,45,0
"579",1,0,0,1,0,1,1,0,1,0,45,0
"580",1,1,0,1,0,1,0,1,1,0,45,0
"581",1,1,1,0,0,1,1,0,1,0,45,0
"582",1,0,1,1,1,1,0,1,1,0,45,0
"583",1,0,0,1,0,1,1,0,0,0,45,0
"584",0,0,1,0,0,1,0,1,0,0,45,0
"585",1,1,0,1,0,0,1,1,1,0,45,0
"586",0,1,1,1,0,1,0,1,1,0,45,0
"587",0,0,0,1,0,0,1,0,0,0,45,0
"588",1,0,1,1,0,0,1,1,0,0,45,0
"589",1,0,0,0,0,0,0,1,0,1,45,0
"590",1,1,1,1,0,1,1,0,0,0,45,0
"591",0,1,1,1,1,1,0,1,0,1,45,0
"592",1,0,0,1,0,1,0,0,0,0,45,0
"593",1,0,0,1,0,0,1,0,0,0,45,0
"594",1,0,1,1,0,1,1,1,1,0,45,0
"595",1,1,1,1,0,0,1,0,1,0,45,0
"596",1,1,0,1,0,1,0,0,1,0,45,0
"597",1,0,1,1,0,0,0,0,1,0,45,0
"598",0,0,0,1,0,0,1,1,0,0,45,0
"599",1,0,1,1,0,0,1,0,1,0,45,0
"600",1,0,0,1,1,1,0,1,0,0,45,0
"601",1,0,0,1,0,0,1,1,0,0,50,0
"602",0,0,0,0,0,0,0,0,1,1,50,0
"603",1,0,0,0,0,1,0,1,0,0,50,0
"604",1,1,0,1,0,1,0,0,1,0,50,0
"605",1,0,1,1,0,1,0,1,1,0,50,0
"606",0,0,1,1,0,1,0,0,0,0,50,0
"607",0,0,0,1,0,1,0,0,1,0,50,0
"608",1,0,0,0,0,1,0,1,0,0,50,0
"609",1,0,0,1,1,1,0,1,0,0,50,0
"610",1,0,0,0,0,1,0,0,0,1,50,0
"611",1,0,1,0,0,1,1,0,0,0,50,0
"612",1,1,0,1,0,1,1,1,1,0,50,0
"613",1,0,1,0,0,0,1,0,0,1,50,0
"614",1,1,1,1,0,0,1,0,0,0,50,0
"615",1,1,0,1,1,0,0,1,0,1,50,0
"616",1,1,0,1,1,1,0,1,0,0,50,0
"617",1,0,1,1,0,0,1,1,0,0,50,0
"618",1,0,1,1,0,1,0,1,1,1,50,0
"619",1,0,0,1,1,1,0,0,1,1,50,0
"620",1,0,0,1,0,0,0,1,0,0,50,0
"621",1,0,0,1,0,0,0,0,0,1,50,0
"622",1,0,0,1,0,1,1,1,0,0,50,0
"623",1,0,0,1,0,0,0,1,1,0,50,0
"624",1,0,0,1,1,0,0,1,0,0,50,0
"625",0,0,1,0,0,1,0,1,1,0,50,0
"626",1,0,0,1,0,0,0,1,0,0,50,0
"627",1,0,1,1,0,1,0,0,0,1,50,0
"628",1,0,0,1,0,0,0,0,0,1,50,0
"629",0,0,0,1,1,1,0,1,1,0,50,0
"630",1,0,0,1,1,0,0,1,1,0,50,0
"631",0,1,0,0,0,1,0,1,0,0,50,0
"632",1,1,0,0,0,0,1,1,1,0,50,0
"633",1,0,0,1,0,1,0,1,0,0,50,0
"634",0,0,0,1,0,1,0,1,0,0,50,0
"635",1,0,0,1,0,1,1,0,0,0,50,0
"636",0,0,1,1,0,0,0,1,0,0,50,0
"637",1,0,0,1,0,1,0,1,0,0,50,0
"638",1,1,0,1,0,1,0,1,0,0,50,0
"639",1,0,1,1,0,1,0,1,1,0,50,0
"640",1,0,0,1,0,1,1,1,0,1,50,0
"641",1,0,0,1,0,1,0,0,0,1,50,0
"642",0,0,0,1,0,1,0,1,1,0,50,0
"643",1,1,0,1,0,0,1,1,0,0,50,0
"644",1,0,0,1,0,1,1,1,1,0,50,0
"645",1,0,0,0,0,1,0,1,0,0,50,0
"646",1,0,1,1,0,1,1,1,1,1,50,0
"647",1,0,0,1,0,0,0,0,1,0,50,0
"648",1,0,0,1,0,0,0,0,0,0,50,0
"649",1,0,0,1,1,1,0,0,0,1,50,0
"650",1,0,0,1,1,1,0,1,0,0,50,0
"651",1,1,0,1,0,1,0,1,0,0,50,0
"652",0,0,0,1,0,0,0,0,0,0,50,0
"653",1,0,1,1,0,0,0,1,0,0,50,0
"654",1,0,1,0,0,0,0,1,1,0,50,0
"655",1,0,0,0,0,1,1,0,0,0,50,0
"656",1,1,0,1,0,1,0,1,1,0,50,0
"657",1,1,1,0,1,1,1,1,1,0,50,0
"658",1,0,0,1,1,0,0,1,0,0,50,0
"659",1,0,1,1,0,1,1,1,0,1,50,0
"660",1,0,0,1,1,1,0,0,1,1,50,0
"661",1,0,0,1,1,1,0,0,0,0,50,0
"662",1,0,0,0,0,0,0,0,1,0,50,0
"663",1,0,0,1,1,0,0,0,0,0,50,0
"664",1,0,0,1,0,0,0,1,0,1,50,0
"665",1,1,1,1,0,1,1,0,0,0,50,0
"666",0,0,0,1,0,1,0,1,0,0,50,0
"667",1,0,0,1,0,1,1,0,1,0,50,0
"668",1,0,0,1,1,1,0,1,0,0,50,0
"669",1,0,0,1,0,1,1,1,1,1,50,0
"670",1,0,0,1,0,1,1,0,1,0,50,0
"671",1,0,0,1,0,1,1,0,0,0,50,0
"672",1,0,0,1,0,1,0,1,0,1,50,0
"673",1,1,1,1,0,1,1,1,1,0,50,0
"674",0,0,1,1,0,0,0,1,0,0,50,0
"675",1,0,0,1,1,1,0,1,0,0,50,0
"676",1,0,0,1,1,1,0,1,0,0,50,0
"677",0,0,1,0,0,0,0,1,1,1,50,0
"678",1,0,1,1,0,1,1,0,1,0,50,0
"679",1,0,0,1,0,1,0,0,0,0,50,0
"680",0,0,1,1,0,1,1,1,1,0,50,0
"681",0,0,0,1,1,0,1,0,1,0,50,0
"682",1,0,1,1,0,1,0,1,0,0,50,0
"683",1,0,0,1,0,1,0,1,0,0,50,0
"684",1,0,1,1,1,1,0,1,0,0,50,0
"685",1,0,0,1,1,0,0,1,0,0,50,0
"686",1,1,0,1,0,0,1,1,1,0,50,0
"687",1,0,0,1,0,0,0,1,0,0,50,0
"688",0,0,0,1,0,0,0,1,0,0,50,0
"689",1,0,0,1,0,0,0,1,0,0,50,0
"690",0,1,0,1,1,1,0,1,0,0,50,0
"691",1,1,1,1,0,1,0,1,0,0,50,0
"692",0,0,0,1,0,1,1,1,0,1,50,0
"693",1,0,0,1,0,1,0,1,0,1,50,0
"694",1,1,0,1,0,1,0,1,0,0,50,0
"695",1,1,0,0,0,0,0,1,1,0,50,0
"696",1,1,1,1,1,1,0,1,0,0,50,0
"697",1,0,0,1,1,1,0,1,0,0,50,0
"698",1,0,1,1,1,0,0,1,1,0,50,0
"699",1,1,1,1,0,1,1,1,1,0,50,0
"700",1,0,1,1,1,1,0,1,0,0,50,0
"701",1,1,0,1,0,1,0,1,0,0,55,0
"702",1,1,0,1,1,1,0,0,0,0,55,0
"703",1,0,1,1,0,1,0,0,0,0,55,0
"704",1,0,0,1,0,1,0,1,0,0,55,0
"705",1,1,0,0,0,0,1,1,0,1,55,0
"706",1,0,0,1,0,1,0,1,0,0,55,0
"707",0,0,0,1,1,0,1,1,1,0,55,0
"708",1,1,0,1,0,1,0,0,0,0,55,0
"709",1,0,0,0,1,0,0,1,0,0,55,0
"710",1,1,0,0,0,1,0,1,1,0,55,0
"711",1,0,1,1,0,1,0,0,0,0,55,0
"712",1,0,0,1,0,1,0,1,0,0,55,0
"713",1,1,0,1,0,1,0,1,0,1,55,0
"714",0,0,0,1,0,1,0,1,0,0,55,0
"715",1,1,0,1,0,1,0,1,1,0,55,0
"716",1,0,0,1,0,0,0,1,0,0,55,0
"717",1,0,0,1,0,1,0,1,0,0,55,0
"718",0,1,1,1,0,1,0,0,0,0,55,0
"719",1,0,0,1,0,1,0,1,0,0,55,0
"720",0,1,1,1,0,0,0,1,0,0,55,0
"721",1,0,0,1,0,1,0,1,0,0,55,0
"722",1,0,0,1,1,1,0,1,0,0,55,0
"723",0,0,0,1,0,1,0,0,0,0,55,0
"724",1,1,0,1,0,1,1,1,0,0,55,0
"725",1,0,0,0,1,0,1,1,1,0,55,0
"726",1,0,0,1,0,0,0,1,0,0,55,0
"727",1,1,0,1,1,1,0,1,0,0,55,0
"728",1,0,0,1,0,1,0,1,0,1,55,0
"729",0,0,0,1,0,1,0,1,0,0,55,0
"730",1,0,0,1,0,1,0,1,0,0,55,0
"731",1,0,0,1,0,1,0,1,0,0,55,0
"732",1,1,0,1,0,1,0,0,1,0,55,0
"733",1,0,0,1,1,1,0,1,1,1,55,0
"734",1,0,0,1,0,1,0,1,1,1,55,0
"735",1,0,0,1,1,1,0,1,0,0,55,0
"736",1,0,1,1,0,1,0,1,0,1,55,0
"737",1,0,0,0,0,1,0,1,0,1,55,0
"738",1,0,1,1,0,1,0,1,0,0,55,0
"739",0,0,0,1,1,1,1,1,0,0,55,0
"740",1,0,0,1,0,0,0,1,1,0,55,0
"741",1,0,0,1,1,1,0,1,0,0,55,0
"742",1,0,1,1,1,1,1,1,0,0,55,0
"743",1,1,0,0,0,1,0,1,0,1,55,0
"744",0,0,0,1,0,1,1,1,0,0,55,0
"745",1,0,0,1,0,1,0,1,0,1,55,0
"746",1,0,1,0,0,0,0,1,0,0,55,0
"747",1,0,0,1,1,1,0,1,0,0,55,0
"748",1,1,0,1,0,1,1,1,0,0,55,0
"749",1,0,0,1,0,1,0,1,1,0,55,0
"750",0,0,0,1,0,1,0,1,1,0,55,0
"751",1,1,0,0,0,0,0,1,0,1,55,0
"752",1,0,0,1,0,1,0,1,0,1,55,0
"753",0,0,0,1,0,1,0,1,0,0,55,0
"754",1,0,0,1,0,1,1,0,1,0,55,0
"755",1,0,0,1,0,0,0,0,0,0,55,0
"756",1,0,0,1,0,1,0,1,0,1,55,0
"757",1,1,0,1,1,1,0,1,1,0,55,0
"758",1,0,0,1,0,0,0,1,0,0,55,0
"759",1,0,0,1,0,1,0,1,0,0,55,0
"760",1,0,0,1,0,1,0,1,0,0,55,0
"761",1,1,1,1,0,1,0,1,0,0,55,0
"762",1,0,0,1,0,1,0,1,0,0,55,0
"763",1,1,0,1,1,1,0,0,0,0,55,0
"764",1,0,0,1,1,1,0,1,1,1,55,0
"765",1,0,1,1,1,1,0,1,1,0,55,0
"766",1,0,1,1,0,1,0,1,1,0,55,0
"767",0,0,1,1,0,1,0,1,1,0,55,0
"768",1,0,0,1,0,1,0,1,0,0,55,0
"769",1,0,0,0,0,1,0,1,0,0,55,0
"770",1,0,0,1,0,1,0,1,0,0,55,0
"771",1,0,0,1,0,0,0,1,1,1,55,0
"772",1,0,0,0,0,1,0,1,0,0,55,0
"773",1,0,0,0,0,1,0,1,0,0,55,0
"774",1,0,1,1,1,1,1,1,0,0,55,0
"775",1,1,0,1,1,1,0,0,0,0,55,0
"776",1,0,0,1,1,1,1,0,0,0,55,0
"777",1,0,0,1,1,1,0,1,0,0,55,0
"778",1,0,0,0,1,1,0,1,0,1,55,0
"779",0,0,0,0,0,1,0,1,1,0,55,0
"780",1,0,0,1,0,1,1,1,1,0,55,0
"781",0,1,0,1,0,1,0,1,0,0,55,0
"782",1,0,0,1,0,1,0,0,0,1,55,0
"783",1,0,0,1,0,1,0,1,0,0,55,0
"784",1,1,0,1,1,1,0,1,0,0,55,0
"785",1,0,0,1,0,1,1,1,0,1,55,0
"786",1,0,1,1,1,1,0,1,0,1,55,0
"787",1,0,0,1,0,1,0,1,1,0,55,0
"788",0,0,0,1,0,0,0,1,0,0,55,0
"789",1,1,0,0,1,1,0,1,0,0,55,0
"790",1,0,1,0,1,1,0,1,0,0,55,0
"791",1,0,0,1,0,1,0,1,1,0,55,0
"792",1,0,0,0,0,0,0,1,0,0,55,0
"793",1,0,1,1,1,1,0,0,0,0,55,0
"794",1,0,1,0,1,0,0,1,0,0,55,0
"795",0,0,0,0,0,1,0,1,0,0,55,0
"796",1,0,0,1,0,1,1,1,1,0,55,0
"797",1,0,0,1,0,1,0,0,0,0,55,0
"798",0,0,0,1,0,0,0,1,0,0,55,0
"799",1,0,0,1,0,1,0,1,0,0,55,0
"800",0,0,0,0,0,1,1,1,1,0,55,0
"801",1,0,0,1,1,1,0,1,0,1,60,0
"802",1,0,1,0,0,1,0,1,0,1,60,0
"803",0,0,0,1,1,1,0,1,0,0,60,0
"804",1,0,0,1,0,1,0,1,0,0,60,0
"805",1,1,0,1,0,1,0,1,0,0,60,0
"806",0,0,0,1,0,1,0,1,0,1,60,0
"807",1,0,1,1,0,1,0,1,0,0,60,0
"808",1,0,0,1,1,0,0,1,0,0,60,0
"809",1,0,1,1,0,1,0,1,0,0,60,0
"810",0,0,1,1,1,1,0,1,0,0,60,0
"811",1,0,0,1,0,1,0,1,0,0,60,0
"812",1,0,0,0,0,1,0,1,0,0,60,0
"813",0,0,0,1,0,1,0,1,0,0,60,0
"814",1,1,0,0,0,1,0,1,0,0,60,0
"815",0,0,0,1,0,1,0,1,0,0,60,0
"816",1,0,0,1,0,1,0,1,0,0,60,0
"817",1,0,0,0,0,0,0,1,0,1,60,0
"818",0,0,1,1,1,1,0,1,1,0,60,0
"819",1,1,0,1,0,1,0,1,1,0,60,0
"820",1,0,0,1,1,1,0,0,1,0,60,0
"821",0,0,0,1,0,1,0,1,1,0,60,0
"822",1,1,0,0,0,1,0,1,0,0,60,0
"823",0,0,0,1,0,1,0,1,0,1,60,0
"824",1,0,0,1,0,1,0,1,0,0,60,0
"825",1,0,0,1,0,1,1,1,0,1,60,0
"826",0,0,0,1,0,1,0,1,0,0,60,0
"827",1,1,0,1,0,0,0,1,0,0,60,0
"828",1,0,0,1,0,1,0,1,0,0,60,0
"829",1,1,0,0,0,1,0,1,0,0,60,0
"830",0,0,0,1,1,1,0,1,0,0,60,0
"831",1,1,0,1,1,1,0,1,0,0,60,0
"832",1,0,0,1,0,1,0,0,1,0,60,0
"833",1,1,0,1,1,0,1,1,0,0,60,0
"834",1,0,0,0,0,0,0,1,0,0,60,0
"835",1,1,0,1,1,1,0,0,0,0,60,0
"836",1,1,0,1,0,1,0,1,0,1,60,0
"837",1,0,0,1,0,1,1,0,0,0,60,0
"838",1,0,0,1,0,1,0,1,0,1,60,0
"839",1,0,0,1,1,1,0,1,0,0,60,0
"840",0,0,0,1,0,1,0,1,0,0,60,0
"841",1,0,0,1,0,1,0,1,0,1,60,0
"842",1,0,0,1,0,1,0,1,0,0,60,0
"843",1,0,0,1,0,1,0,1,0,0,60,0
"844",1,1,0,1,1,1,0,1,0,0,60,0
"845",1,1,0,1,0,1,0,1,0,0,60,0
"846",1,0,0,1,0,1,0,1,1,0,60,0
"847",0,0,0,1,0,1,0,1,0,0,60,0
"848",1,0,0,1,0,1,0,1,0,0,60,0
"849",1,0,0,1,0,1,0,1,0,0,60,0
"850",1,0,1,1,1,1,0,1,0,1,60,0
"851",1,0,0,1,0,0,0,1,0,0,60,0
"852",1,0,0,0,0,1,0,1,1,0,60,0
"853",0,0,0,1,0,1,0,1,0,0,60,0
"854",0,0,0,1,0,0,0,1,0,0,60,0
"855",1,1,0,1,0,1,0,1,0,0,60,0
"856",0,0,0,1,0,1,0,1,0,0,60,0
"857",1,0,0,1,1,1,0,1,0,1,60,0
"858",0,0,0,0,0,1,1,1,0,1,60,0
"859",1,0,0,1,1,1,0,1,0,0,60,0
"860",1,0,0,1,0,1,0,1,1,0,60,0
"861",1,1,0,1,1,1,1,1,0,0,60,0
"862",1,0,0,1,1,1,0,1,0,0,60,0
"863",0,1,0,1,0,0,0,1,1,0,60,0
"864",1,0,0,1,0,1,0,0,0,0,60,0
"865",1,1,0,0,0,0,0,1,0,0,60,0
"866",1,0,0,0,0,1,0,1,0,0,60,0
"867",1,0,0,1,0,1,0,1,0,1,60,0
"868",0,1,0,1,1,1,1,1,0,1,60,0
"869",1,0,0,1,1,1,0,1,0,1,60,0
"870",1,0,0,1,1,1,0,1,0,0,60,0
"871",1,1,0,1,0,1,0,0,0,0,60,0
"872",1,0,0,1,0,1,0,1,0,0,60,0
"873",1,0,0,1,0,1,1,1,0,0,60,0
"874",1,0,1,1,0,1,0,0,0,0,60,0
"875",1,1,0,0,0,1,0,1,0,0,60,0
"876",1,0,0,1,1,1,0,1,0,0,60,0
"877",1,0,0,1,0,1,0,1,0,1,60,0
"878",0,1,0,1,0,1,0,1,0,0,60,0
"879",1,1,0,1,0,1,0,1,0,0,60,0
"880",1,0,0,1,0,1,0,1,1,0,60,0
"881",1,0,0,0,0,1,0,1,0,1,60,0
"882",0,0,0,1,0,1,0,1,0,0,60,0
"883",1,0,0,1,0,1,0,1,0,0,60,0
"884",1,0,0,1,0,1,0,1,0,1,60,0
"885",1,0,0,1,0,1,0,1,0,0,60,0
"886",1,1,0,1,0,1,0,1,0,0,60,0
"887",1,0,0,1,1,1,0,1,0,0,60,0
"888",1,0,0,1,1,1,0,1,0,0,60,0
"889",1,0,0,0,0,1,0,1,0,0,60,0
"890",1,0,0,0,0,1,0,1,0,0,60,0
"891",1,0,0,1,1,1,1,1,0,0,60,0
"892",0,0,0,0,0,0,1,0,0,1,60,0
"893",1,0,0,1,0,1,0,1,1,0,60,0
"894",1,1,0,0,0,1,0,1,0,0,60,0
"895",1,0,0,1,0,0,0,1,0,0,60,0
"896",1,1,0,1,0,1,0,1,0,0,60,0
"897",1,0,0,1,0,1,0,1,0,0,60,0
"898",1,1,0,1,0,1,0,1,0,0,60,0
"899",1,0,0,1,0,1,1,1,1,0,60,0
"900",1,1,0,1,0,1,1,1,0,0,60,0
"901",1,1,0,1,0,1,0,1,0,0,65,0
"902",1,0,0,1,0,1,0,1,0,0,65,0
"903",1,1,0,1,1,1,0,1,0,0,65,0
"904",1,0,0,0,0,1,0,1,0,0,65,0
"905",1,0,0,1,1,1,0,1,0,0,65,0
"906",1,1,0,1,0,1,0,1,0,0,65,0
"907",1,0,0,1,0,1,0,1,0,1,65,0
"908",0,0,0,1,0,1,0,1,0,0,65,0
"909",1,1,0,1,0,1,0,1,0,0,65,0
"910",1,0,0,1,0,1,0,1,0,0,65,0
"911",1,0,0,1,1,1,0,1,0,0,65,0
"912",1,0,0,1,0,1,0,1,0,0,65,0
"913",1,0,0,1,0,1,0,1,0,0,65,0
"914",1,0,0,1,0,1,0,1,0,1,65,0
"915",1,1,0,1,0,1,0,1,0,0,65,0
"916",1,0,0,1,0,1,0,1,0,1,65,0
"917",1,1,0,1,0,1,0,1,0,0,65,0
"918",1,0,0,1,1,1,0,1,0,0,65,0
"919",1,0,0,0,0,1,0,1,0,0,65,0
"920",1,0,0,1,0,1,0,1,0,0,65,0
"921",1,0,0,1,1,1,0,1,0,0,65,0
"922",1,1,0,1,0,1,0,1,0,0,65,0
"923",1,0,0,1,0,1,0,1,0,0,65,0
"924",1,0,0,1,0,1,0,1,0,0,65,0
"925",1,0,0,0,1,1,0,1,0,0,65,0
"926",1,0,0,1,1,1,0,1,0,1,65,0
"927",0,0,0,0,0,1,0,1,0,0,65,0
"928",1,0,0,1,0,1,0,1,0,1,65,0
"929",0,0,0,1,0,1,0,1,0,1,65,0
"930",1,0,0,1,1,1,0,1,0,0,65,0
"931",0,0,0,1,0,1,0,1,0,1,65,0
"932",1,0,0,1,0,1,0,1,0,0,65,0
"933",1,0,0,1,0,1,0,1,0,0,65,0
"934",1,0,0,0,0,1,0,1,0,1,65,0
"935",0,1,0,1,0,1,0,1,0,0,65,0
"936",1,0,0,1,0,1,0,1,0,0,65,0
"937",1,0,0,1,1,1,0,1,0,0,65,0
"938",1,0,0,1,0,1,0,1,0,0,65,0
"939",1,0,0,1,1,1,0,1,0,0,65,0
"940",1,0,0,1,0,1,0,1,0,0,65,0
"941",0,1,0,1,0,1,0,1,0,0,65,0
"942",1,0,0,1,0,1,0,1,0,0,65,0
"943",1,1,0,0,1,1,0,1,0,0,65,0
"944",0,1,0,1,0,1,0,1,0,1,65,0
"945",1,0,0,1,1,1,0,1,0,0,65,0
"946",1,1,0,1,0,1,0,1,0,0,65,0
"947",1,0,0,1,0,1,0,1,0,0,65,0
"948",1,0,0,1,0,1,0,1,0,1,65,0
"949",1,0,0,1,0,1,0,1,0,0,65,0
"950",1,1,0,0,0,1,0,1,0,1,65,0
"951",1,0,0,0,0,1,0,1,0,0,65,0
"952",1,0,0,1,0,1,0,1,0,0,65,0
"953",1,0,0,1,0,1,0,1,0,1,65,0
"954",0,0,0,1,0,1,0,1,0,1,65,0
"955",1,0,0,1,0,1,0,1,0,0,65,0
"956",1,0,0,1,0,1,0,1,0,0,65,0
"957",1,0,0,1,0,1,0,1,0,1,65,0
"958",1,0,0,0,1,1,0,1,0,0,65,0
"959",1,1,0,1,0,1,0,1,0,0,65,0
"960",1,0,0,0,0,1,0,1,0,0,65,0
"961",1,0,0,1,0,1,0,1,0,0,65,0
"962",1,0,0,1,0,1,0,1,0,1,65,0
"963",1,0,0,0,1,1,0,1,0,0,65,0
"964",1,0,0,1,0,1,0,1,0,1,65,0
"965",1,0,0,1,0,1,0,1,0,0,65,0
"966",0,0,0,1,0,1,0,1,0,0,65,0
"967",0,0,0,1,1,1,0,1,0,0,65,0
"968",1,1,0,1,0,1,0,1,0,1,65,0
"969",1,1,0,1,0,1,0,1,0,0,65,0
"970",0,0,0,0,1,1,0,1,0,1,65,0
"971",1,1,0,1,0,1,0,1,0,0,65,0
"972",1,0,0,0,0,1,0,1,0,0,65,0
"973",1,0,0,0,1,1,0,1,0,0,65,0
"974",1,0,0,1,0,1,0,1,0,0,65,0
"975",1,0,0,1,1,1,0,1,0,0,65,0
"976",1,0,0,0,1,1,0,1,0,0,65,0
"977",1,0,0,0,0,1,0,1,0,0,65,0
"978",1,0,0,1,0,1,0,1,0,1,65,0
"979",0,0,0,0,1,1,0,1,0,0,65,0
"980",0,0,0,0,0,1,0,1,0,0,65,0
"981",1,0,0,1,0,1,0,1,0,0,65,0
"982",0,0,0,1,0,1,0,1,0,0,65,0
"983",1,0,0,1,1,1,0,1,0,0,65,0
"984",1,1,0,1,0,1,0,1,0,0,65,0
"985",1,1,0,1,1,1,0,1,0,0,65,0
"986",1,0,0,1,1,1,0,1,0,0,65,0
"987",1,0,0,1,0,1,0,1,0,0,65,0
"988",1,0,0,1,0,1,0,1,0,0,65,0
"989",1,1,0,1,0,1,0,1,0,0,65,0
"990",1,0,0,1,0,1,0,1,0,0,65,0
"991",1,1,0,0,0,1,0,1,0,0,65,0
"992",1,0,0,1,0,1,0,1,0,0,65,0
"993",0,0,0,1,0,1,0,1,0,1,65,0
"994",1,0,0,0,0,1,0,1,0,0,65,0
"995",1,0,0,1,0,1,0,1,0,0,65,0
"996",0,0,0,1,1,1,0,1,0,0,65,0
"997",1,0,0,1,0,1,0,1,0,0,65,0
"998",0,1,0,1,1,1,0,1,0,0,65,0
"999",0,0,0,1,0,1,0,1,0,0,65,0
"1000",1,0,0,1,0,1,0,1,0,0,65,0
"1001",1,1,1,0,0,0,1,0,1,1,20,1
"1002",1,1,1,0,1,0,1,0,1,1,20,1
"1003",1,1,1,0,1,0,1,0,0,0,20,1
"1004",0,1,1,0,1,0,1,0,1,1,20,1
"1005",0,0,1,0,1,0,1,0,1,1,20,1
"1006",0,1,1,0,1,0,1,0,1,1,20,1
"1007",0,1,1,1,1,1,1,0,1,1,20,1
"1008",0,1,0,0,1,0,1,0,1,0,20,1
"1009",0,1,0,0,1,0,1,0,1,0,20,1
"1010",0,0,1,0,1,0,1,0,0,1,20,1
"1011",1,1,0,0,0,0,1,0,1,1,20,1
"1012",0,1,1,0,1,0,1,0,0,1,20,1
"1013",0,1,1,0,0,0,1,0,1,1,20,1
"1014",0,1,1,0,1,0,1,0,1,1,20,1
"1015",1,1,1,0,1,0,1,0,1,1,20,1
"1016",0,1,1,0,1,0,1,0,1,1,20,1
"1017",0,1,1,0,1,0,1,0,1,1,20,1
"1018",0,1,1,0,1,0,1,0,1,1,20,1
"1019",0,1,1,1,1,0,1,0,1,1,20,1
"1020",1,1,0,0,1,0,0,0,1,1,20,1
"1021",0,0,1,0,0,0,0,0,1,1,20,1
"1022",0,0,1,0,1,0,1,0,1,1,20,1
"1023",0,1,1,0,0,0,1,1,1,1,20,1
"1024",0,1,1,0,1,0,1,0,1,1,20,1
"1025",1,1,0,0,1,0,1,0,1,1,20,1
"1026",0,1,1,0,1,0,1,0,1,1,20,1
"1027",1,1,1,0,1,0,0,0,1,0,20,1
"1028",1,1,1,0,1,0,1,0,1,1,20,1
"1029",1,1,1,0,1,0,1,0,1,1,20,1
"1030",0,1,1,0,1,0,1,0,1,1,20,1
"1031",0,1,1,0,1,0,1,0,1,0,20,1
"1032",0,1,1,0,1,0,0,1,0,1,20,1
"1033",0,1,1,0,1,0,1,0,1,1,20,1
"1034",0,1,1,1,1,0,1,0,1,1,20,1
"1035",0,1,1,0,1,0,1,1,1,1,20,1
"1036",0,0,1,1,1,0,1,0,1,1,20,1
"1037",0,1,1,0,1,0,1,0,1,1,20,1
"1038",0,1,1,0,0,0,1,0,1,0,20,1
"1039",0,0,1,1,1,0,1,0,1,0,20,1
"1040",0,1,1,0,0,0,0,0,1,1,20,1
"1041",1,0,1,1,1,0,1,1,1,1,20,1
"1042",0,1,1,0,1,0,1,0,0,1,20,1
"1043",0,0,1,0,1,1,1,0,1,1,20,1
"1044",0,1,1,0,1,0,1,0,1,0,20,1
"1045",0,1,1,0,1,0,1,0,1,1,20,1
"1046",0,1,0,1,1,0,1,1,1,1,20,1
"1047",0,1,1,0,1,0,0,0,1,1,20,1
"1048",0,1,1,0,0,0,1,0,1,1,20,1
"1049",0,0,1,0,1,1,1,1,0,1,20,1
"1050",0,1,1,1,0,0,0,0,1,1,20,1
"1051",0,1,1,1,0,0,1,1,1,1,20,1
"1052",0,1,0,0,0,1,1,0,1,1,20,1
"1053",1,1,1,1,0,0,1,0,1,1,20,1
"1054",0,0,1,0,0,0,1,0,0,1,20,1
"1055",0,1,1,0,0,0,1,1,0,1,20,1
"1056",0,0,1,0,1,0,1,0,1,1,20,1
"1057",0,1,1,1,1,0,1,0,1,0,20,1
"1058",0,0,1,1,1,0,1,1,0,0,20,1
"1059",0,1,1,0,1,0,1,0,1,0,20,1
"1060",0,1,1,0,1,0,1,0,1,1,20,1
"1061",1,1,1,0,1,0,0,0,1,1,20,1
"1062",0,1,1,0,1,0,1,0,1,1,20,1
"1063",0,1,1,0,1,0,1,0,0,1,20,1
"1064",0,1,1,0,1,0,1,0,1,0,20,1
"1065",1,1,1,0,0,0,1,0,1,1,20,1
"1066",0,1,1,0,1,0,1,0,1,1,20,1
"1067",0,0,1,0,1,0,1,0,1,1,20,1
"1068",0,0,1,0,1,0,1,0,1,1,20,1
"1069",1,1,1,0,0,0,1,0,1,1,20,1
"1070",0,1,1,0,1,0,1,0,1,1,20,1
"1071",0,1,1,1,0,0,0,0,1,1,20,1
"1072",1,1,1,0,0,0,1,0,1,1,20,1
"1073",0,1,1,0,1,0,1,0,1,1,20,1
"1074",0,1,1,1,1,0,1,0,1,1,20,1
"1075",0,1,1,1,1,1,1,1,1,1,20,1
"1076",1,0,1,1,1,0,1,0,1,0,20,1
"1077",0,1,1,0,1,1,1,0,1,1,20,1
"1078",1,1,1,0,1,0,1,0,1,1,20,1
"1079",0,1,1,0,1,0,1,0,1,0,20,1
"1080",0,1,1,1,0,0,1,0,1,1,20,1
"1081",0,1,1,1,1,0,1,0,1,0,20,1
"1082",0,0,0,0,1,0,1,0,1,0,20,1
"1083",0,1,0,0,0,0,1,0,1,1,20,1
"1084",0,1,1,1,0,0,1,0,1,1,20,1
"1085",0,0,1,0,1,0,1,1,1,1,20,1
"1086",0,1,1,0,1,0,1,0,1,1,20,1
"1087",1,1,1,0,1,0,1,0,1,1,20,1
"1088",0,1,1,1,1,1,1,1,1,1,20,1
"1089",0,1,1,1,1,0,1,0,1,1,20,1
"1090",0,1,1,1,1,0,1,0,1,0,20,1
"1091",0,0,1,0,1,0,1,1,1,1,20,1
"1092",0,1,0,1,1,0,1,0,1,1,20,1
"1093",0,1,1,1,0,0,0,1,1,1,20,1
"1094",0,1,1,0,1,1,1,0,1,1,20,1
"1095",0,1,1,0,1,0,1,0,0,1,20,1
"1096",0,1,1,0,0,0,1,0,1,0,20,1
"1097",0,1,1,0,1,1,1,0,1,1,20,1
"1098",1,1,0,0,1,0,1,0,1,1,20,1
"1099",0,1,0,0,0,1,1,0,1,1,20,1
"1100",0,1,1,0,1,0,1,0,1,1,20,1
"1101",0,1,1,0,0,1,1,0,1,1,25,1
"1102",0,1,1,0,1,0,1,0,1,1,25,1
"1103",0,1,1,0,1,1,0,0,1,1,25,1
"1104",0,1,1,0,1,0,1,0,1,1,25,1
"1105",0,1,1,1,1,1,0,0,1,1,25,1
"1106",0,0,1,0,1,0,1,0,1,1,25,1
"1107",0,1,1,0,0,0,1,0,1,1,25,1
"1108",1,1,1,0,1,0,1,0,0,1,25,1
"1109",0,0,1,0,1,0,1,0,1,1,25,1
"1110",0,1,1,0,0,0,1,0,1,0,25,1
"1111",0,1,1,0,1,0,1,0,1,1,25,1
"1112",1,1,1,0,1,0,1,0,1,1,25,1
"1113",0,0,0,1,1,0,1,1,1,1,25,1
"1114",1,0,1,0,1,0,1,0,1,1,25,1
"1115",0,1,0,0,1,0,1,0,1,1,25,1
"1116",0,0,1,0,0,0,0,0,1,1,25,1
"1117",0,1,0,0,1,0,0,0,1,1,25,1
"1118",0,1,1,0,1,0,1,0,1,1,25,1
"1119",0,0,1,1,1,0,1,0,1,1,25,1
"1120",1,1,1,0,0,1,1,0,1,1,25,1
"1121",0,0,1,0,1,0,1,0,1,1,25,1
"1122",0,1,1,0,1,0,1,1,1,1,25,1
"1123",0,0,0,0,1,0,1,1,1,1,25,1
"1124",0,1,0,0,1,1,1,1,1,1,25,1
"1125",0,1,0,1,1,0,0,1,0,1,25,1
"1126",0,0,1,0,0,0,1,0,1,1,25,1
"1127",0,1,1,0,1,0,1,0,1,1,25,1
"1128",1,1,1,0,1,1,1,0,1,1,25,1
"1129",0,1,1,0,1,0,1,0,1,1,25,1
"1130",0,0,1,0,1,0,1,1,1,1,25,1
"1131",1,1,1,0,0,1,1,0,1,1,25,1
"1132",0,1,1,0,0,0,1,0,1,1,25,1
"1133",0,0,1,0,0,0,0,0,1,1,25,1
"1134",0,1,1,0,0,0,0,0,1,1,25,1
"1135",0,0,1,1,1,0,1,1,1,1,25,1
"1136",0,1,1,0,1,0,1,0,1,1,25,1
"1137",0,1,1,1,1,0,1,1,1,1,25,1
"1138",0,1,1,1,1,0,0,0,1,1,25,1
"1139",0,1,1,0,1,0,1,0,1,0,25,1
"1140",0,0,1,0,1,0,1,0,1,1,25,1
"1141",1,1,0,0,0,0,1,0,1,1,25,1
"1142",1,0,1,0,1,0,0,0,1,1,25,1
"1143",0,0,1,0,1,0,0,0,1,0,25,1
"1144",0,1,1,0,0,0,0,0,1,0,25,1
"1145",0,1,1,0,1,0,0,0,1,0,25,1
"1146",0,1,1,0,1,0,1,1,1,1,25,1
"1147",0,1,1,0,1,0,0,0,1,1,25,1
"1148",0,1,1,0,1,0,1,1,1,1,25,1
"1149",0,1,1,0,0,0,1,0,0,0,25,1
"1150",1,1,0,0,1,0,1,0,0,1,25,1
"1151",1,1,1,0,1,0,1,0,1,1,25,1
"1152",0,1,1,0,0,0,1,0,1,1,25,1
"1153",1,1,0,0,1,0,1,0,1,1,25,1
"1154",0,1,1,1,1,0,1,0,1,1,25,1
"1155",0,1,1,0,1,0,1,0,0,1,25,1
"1156",0,1,1,0,0,1,1,0,1,0,25,1
"1157",0,1,1,0,1,0,1,0,1,1,25,1
"1158",0,1,1,0,1,1,1,0,1,1,25,1
"1159",0,1,1,0,1,0,1,1,1,1,25,1
"1160",0,1,1,0,1,0,1,0,1,1,25,1
"1161",0,1,1,0,1,1,1,0,1,1,25,1
"1162",1,1,1,1,1,0,1,0,1,1,25,1
"1163",0,1,0,0,1,0,1,1,1,0,25,1
"1164",1,1,1,0,1,1,1,0,1,1,25,1
"1165",1,1,1,0,1,0,1,0,1,1,25,1
"1166",0,1,1,0,1,0,0,0,1,1,25,1
"1167",0,1,0,0,1,0,1,0,1,1,25,1
"1168",0,1,0,0,1,0,1,1,1,0,25,1
"1169",0,0,0,0,0,0,1,1,1,1,25,1
"1170",1,1,1,0,1,0,0,1,1,1,25,1
"1171",0,1,1,0,1,0,1,0,1,1,25,1
"1172",0,1,1,0,1,0,1,0,1,1,25,1
"1173",0,0,0,0,1,0,0,0,1,1,25,1
"1174",0,1,1,0,1,1,1,0,1,1,25,1
"1175",0,0,1,0,1,0,0,0,0,1,25,1
"1176",0,1,1,1,1,0,0,0,1,1,25,1
"1177",1,1,1,1,1,0,1,0,1,1,25,1
"1178",0,1,1,0,0,0,1,0,1,1,25,1
"1179",0,1,1,0,1,1,0,1,1,0,25,1
"1180",0,0,0,1,1,0,1,0,1,1,25,1
"1181",1,1,1,0,1,0,1,0,1,1,25,1
"1182",0,0,0,1,0,1,0,0,1,1,25,1
"1183",0,1,1,0,1,0,1,0,1,1,25,1
"1184",0,0,1,0,1,0,1,1,1,1,25,1
"1185",0,1,0,0,0,0,0,0,1,1,25,1
"1186",0,0,0,1,1,1,1,0,1,1,25,1
"1187",0,0,0,0,1,0,1,0,0,1,25,1
"1188",0,1,1,0,0,0,0,0,0,1,25,1
"1189",0,1,1,1,0,0,1,1,1,1,25,1
"1190",1,1,1,1,1,0,1,1,1,1,25,1
"1191",0,1,1,0,1,0,1,0,1,1,25,1
"1192",0,1,1,0,1,0,1,1,1,1,25,1
"1193",0,1,1,0,1,0,1,0,1,1,25,1
"1194",0,1,1,0,1,0,1,0,0,1,25,1
"1195",0,0,1,0,0,0,1,0,0,0,25,1
"1196",0,1,1,0,0,0,1,0,1,1,25,1
"1197",0,0,1,0,1,0,1,1,1,1,25,1
"1198",1,1,1,1,1,0,1,0,1,1,25,1
"1199",1,0,1,0,1,0,1,0,0,1,25,1
"1200",0,1,1,0,1,0,1,0,1,1,25,1
"1201",0,1,0,0,0,1,1,0,0,1,30,1
"1202",1,1,0,0,1,1,0,0,1,0,30,1
"1203",0,1,1,1,1,0,0,0,1,0,30,1
"1204",0,1,1,0,1,0,1,0,0,1,30,1
"1205",0,1,1,0,1,0,1,0,1,1,30,1
"1206",0,1,0,1,1,0,1,0,1,1,30,1
"1207",0,1,1,1,1,1,0,0,1,0,30,1
"1208",1,1,0,0,1,1,1,0,0,1,30,1
"1209",0,1,0,0,0,1,0,1,1,1,30,1
"1210",0,1,1,0,1,1,1,1,0,1,30,1
"1211",0,1,0,0,1,0,1,0,1,1,30,1
"1212",0,1,1,1,1,1,1,0,0,0,30,1
"1213",0,1,0,0,1,0,1,1,1,1,30,1
"1214",0,1,0,0,1,1,1,0,1,1,30,1
"1215",0,1,0,0,0,0,1,0,1,1,30,1
"1216",1,1,1,0,1,0,1,0,1,1,30,1
"1217",0,1,1,0,1,0,1,1,1,1,30,1
"1218",0,1,1,0,1,1,1,0,1,0,30,1
"1219",0,1,1,0,1,1,0,1,1,1,30,1
"1220",1,0,1,0,1,0,0,1,1,1,30,1
"1221",0,1,0,0,1,0,1,0,1,0,30,1
"1222",0,1,1,0,1,0,1,1,1,1,30,1
"1223",0,0,0,0,0,0,0,1,0,1,30,1
"1224",0,0,0,0,1,0,1,0,1,1,30,1
"1225",0,1,0,0,1,0,0,1,0,1,30,1
"1226",0,1,0,0,0,0,0,0,1,1,30,1
"1227",0,1,1,0,1,0,0,1,1,1,30,1
"1228",0,1,1,0,1,1,0,0,0,1,30,1
"1229",0,1,0,0,1,0,0,1,0,1,30,1
"1230",0,0,1,1,1,0,1,0,1,0,30,1
"1231",0,1,0,1,1,0,1,0,1,1,30,1
"1232",0,1,1,1,1,0,1,1,1,1,30,1
"1233",0,1,1,0,1,0,1,0,0,0,30,1
"1234",1,1,0,0,1,0,0,0,1,0,30,1
"1235",0,1,0,0,1,1,0,0,1,1,30,1
"1236",0,1,0,0,1,0,0,0,1,0,30,1
"1237",0,0,1,0,1,0,1,0,1,1,30,1
"1238",0,1,1,0,0,0,1,0,1,1,30,1
"1239",0,1,1,0,1,0,1,0,1,1,30,1
"1240",0,1,1,0,1,1,1,1,1,1,30,1
"1241",0,1,1,0,1,0,1,0,1,1,30,1
"1242",1,1,0,0,0,0,1,0,0,1,30,1
"1243",0,1,1,0,1,0,1,0,1,1,30,1
"1244",1,1,1,1,1,0,1,0,0,0,30,1
"1245",1,1,1,0,1,0,1,1,0,1,30,1
"1246",0,0,0,0,0,1,1,0,0,1,30,1
"1247",0,0,0,1,1,0,1,1,1,1,30,1
"1248",0,1,0,1,1,0,0,1,0,1,30,1
"1249",0,1,1,0,1,0,0,0,0,1,30,1
"1250",0,1,1,1,1,0,1,1,1,1,30,1
"1251",0,1,0,1,1,0,1,1,1,1,30,1
"1252",1,0,0,0,1,0,1,1,0,1,30,1
"1253",0,1,0,0,1,1,1,0,1,1,30,1
"1254",1,1,1,0,1,0,0,0,0,1,30,1
"1255",0,1,1,0,1,1,0,0,1,1,30,1
"1256",0,1,1,1,1,0,1,0,0,1,30,1
"1257",0,1,0,0,1,0,1,0,1,1,30,1
"1258",0,0,1,0,1,0,1,0,1,0,30,1
"1259",0,1,0,0,1,1,1,0,1,1,30,1
"1260",0,1,0,0,1,1,1,1,1,0,30,1
"1261",0,1,0,0,0,0,0,0,1,1,30,1
"1262",0,1,0,0,1,1,0,0,1,1,30,1
"1263",1,1,1,0,0,0,1,1,1,1,30,1
"1264",0,0,0,0,0,0,0,1,1,1,30,1
"1265",0,1,1,0,1,0,0,0,1,1,30,1
"1266",0,0,0,0,1,1,0,0,1,1,30,1
"1267",0,1,0,0,1,0,0,0,1,1,30,1
"1268",0,0,1,1,1,1,1,1,1,1,30,1
"1269",0,1,0,0,1,0,1,0,0,1,30,1
"1270",0,1,0,0,1,1,1,0,1,0,30,1
"1271",1,1,0,1,1,0,1,0,0,1,30,1
"1272",1,1,1,0,1,0,1,0,1,1,30,1
"1273",0,1,0,0,1,0,0,0,0,1,30,1
"1274",0,1,1,0,1,0,1,0,0,1,30,1
"1275",0,1,1,0,1,0,1,0,1,1,30,1
"1276",0,1,1,1,0,0,1,1,0,1,30,1
"1277",0,1,0,0,1,0,1,0,0,1,30,1
"1278",0,1,1,0,1,0,1,1,0,1,30,1
"1279",1,1,0,1,1,0,0,0,0,1,30,1
"1280",0,1,1,1,1,1,1,0,0,1,30,1
"1281",0,1,1,0,0,0,1,0,0,1,30,1
"1282",0,0,0,0,0,0,1,0,0,1,30,1
"1283",1,1,1,0,1,1,1,0,1,1,30,1
"1284",0,1,1,0,1,1,0,0,1,1,30,1
"1285",0,0,1,0,1,0,0,0,1,1,30,1
"1286",1,1,1,0,1,0,0,0,0,1,30,1
"1287",0,1,1,0,0,0,0,0,0,1,30,1
"1288",0,0,1,0,1,0,1,1,1,1,30,1
"1289",0,1,1,0,1,0,0,0,1,1,30,1
"1290",1,1,0,0,1,1,0,0,1,1,30,1
"1291",0,0,1,0,1,0,1,1,0,1,30,1
"1292",0,1,0,1,1,0,1,0,1,1,30,1
"1293",0,0,1,0,1,0,1,0,1,1,30,1
"1294",0,1,1,0,0,1,1,0,0,1,30,1
"1295",1,1,1,0,1,0,0,0,0,0,30,1
"1296",0,1,0,0,1,0,1,1,1,1,30,1
"1297",0,1,0,0,0,0,0,0,1,1,30,1
"1298",0,1,1,1,1,1,1,1,1,1,30,1
"1299",0,0,1,0,1,1,0,0,1,1,30,1
"1300",0,0,0,0,1,0,0,0,1,1,30,1
"1301",0,1,1,0,1,1,0,0,1,1,35,1
"1302",1,1,1,0,1,0,0,0,1,1,35,1
"1303",0,1,1,0,1,0,1,1,0,1,35,1
"1304",1,1,1,0,1,0,0,1,1,0,35,1
"1305",0,1,0,1,1,1,1,1,1,0,35,1
"1306",0,1,1,0,1,0,1,1,0,0,35,1
"1307",0,1,1,0,1,0,0,0,1,1,35,1
"1308",0,1,0,0,0,0,1,1,1,1,35,1
"1309",0,1,0,0,1,1,1,0,0,0,35,1
"1310",0,1,1,1,1,1,0,1,1,1,35,1
"1311",0,0,0,0,1,1,1,0,1,1,35,1
"1312",0,1,0,0,1,0,0,0,1,0,35,1
"1313",0,1,0,0,0,0,0,0,1,0,35,1
"1314",1,1,0,0,1,0,0,0,1,1,35,1
"1315",0,1,1,0,0,0,0,0,1,1,35,1
"1316",0,1,1,0,1,1,1,1,0,1,35,1
"1317",0,1,1,0,1,1,1,0,0,0,35,1
"1318",0,1,1,1,1,0,0,0,1,1,35,1
"1319",0,1,0,0,1,1,0,1,0,0,35,1
"1320",0,1,0,0,1,0,1,0,1,1,35,1
"1321",1,1,1,1,1,0,0,0,1,1,35,1
"1322",0,1,0,0,0,0,1,0,1,1,35,1
"1323",0,1,0,0,1,1,0,0,0,0,35,1
"1324",0,1,1,1,1,0,0,1,1,1,35,1
"1325",0,0,1,0,1,0,1,1,1,0,35,1
"1326",1,1,0,0,1,0,1,0,0,1,35,1
"1327",0,1,0,0,1,1,0,1,1,1,35,1
"1328",0,1,1,0,0,0,0,0,1,1,35,1
"1329",0,1,0,0,1,0,0,0,1,1,35,1
"1330",0,1,0,0,1,0,0,0,0,0,35,1
"1331",1,1,0,0,0,0,1,1,0,1,35,1
"1332",0,0,0,0,1,0,1,1,0,1,35,1
"1333",0,0,1,0,1,0,1,1,1,1,35,1
"1334",0,0,1,1,1,1,1,0,1,1,35,1
"1335",0,1,1,0,1,1,1,0,1,1,35,1
"1336",0,1,0,0,0,1,0,0,1,1,35,1
"1337",0,1,1,0,1,1,0,0,1,1,35,1
"1338",0,1,1,0,0,0,0,0,1,1,35,1
"1339",0,1,1,1,1,0,1,1,1,1,35,1
"1340",0,0,0,0,0,1,0,0,0,1,35,1
"1341",0,1,0,0,1,0,0,0,1,1,35,1
"1342",1,1,1,0,1,0,1,1,0,1,35,1
"1343",0,1,1,0,1,1,0,0,1,1,35,1
"1344",0,1,1,0,1,1,0,0,1,1,35,1
"1345",1,0,1,1,1,0,1,1,1,1,35,1
"1346",0,1,1,0,0,1,1,0,1,1,35,1
"1347",0,1,0,0,1,1,0,0,1,1,35,1
"1348",1,0,0,0,1,0,0,1,1,1,35,1
"1349",0,1,1,0,1,0,0,1,0,1,35,1
"1350",0,0,0,0,1,1,1,1,0,0,35,1
"1351",0,1,0,0,1,0,1,0,1,1,35,1
"1352",0,0,0,0,1,0,1,1,1,1,35,1
"1353",0,1,1,0,1,0,0,0,1,0,35,1
"1354",0,0,1,0,0,0,1,1,1,1,35,1
"1355",0,0,0,0,0,1,0,0,0,1,35,1
"1356",0,1,0,1,1,0,1,1,1,1,35,1
"1357",0,1,1,1,1,0,0,1,1,0,35,1
"1358",0,1,1,0,1,0,0,0,1,1,35,1
"1359",0,1,0,1,0,0,1,0,1,1,35,1
"1360",0,1,0,1,0,0,0,1,1,1,35,1
"1361",0,1,1,0,1,0,0,0,0,1,35,1
"1362",0,1,1,0,1,1,1,0,1,1,35,1
"1363",0,1,1,0,0,1,1,0,0,1,35,1
"1364",0,1,1,0,0,1,1,0,0,1,35,1
"1365",0,0,1,0,1,1,1,1,0,1,35,1
"1366",0,0,0,0,1,0,1,1,1,1,35,1
"1367",0,1,1,0,1,1,1,0,0,1,35,1
"1368",1,0,1,0,0,1,0,0,0,1,35,1
"1369",0,1,1,0,0,1,0,0,1,0,35,1
"1370",1,1,0,0,0,1,0,1,1,1,35,1
"1371",0,0,1,0,1,0,1,0,1,0,35,1
"1372",0,1,1,0,1,1,1,1,1,1,35,1
"1373",0,1,0,0,0,0,0,0,0,1,35,1
"1374",0,1,0,0,1,0,0,0,1,1,35,1
"1375",0,1,0,0,1,0,1,0,1,1,35,1
"1376",0,0,1,1,1,0,1,1,1,1,35,1
"1377",0,1,0,0,1,1,1,1,1,0,35,1
"1378",0,1,1,1,0,0,0,0,0,1,35,1
"1379",0,1,1,0,1,1,1,1,0,1,35,1
"1380",0,0,1,0,1,0,0,1,1,1,35,1
"1381",0,0,1,0,1,0,1,0,0,1,35,1
"1382",0,1,1,0,1,1,1,1,1,1,35,1
"1383",0,1,0,0,1,0,1,0,1,1,35,1
"1384",1,1,0,0,1,0,0,0,1,0,35,1
"1385",0,1,1,1,1,0,1,0,1,1,35,1
"1386",0,0,1,0,1,1,0,0,0,1,35,1
"1387",0,1,1,0,1,1,1,0,1,1,35,1
"1388",0,1,1,1,1,1,1,0,1,1,35,1
"1389",0,0,0,1,0,0,0,1,1,1,35,1
"1390",0,0,1,1,1,1,0,1,0,1,35,1
"1391",0,1,1,0,0,0,1,0,0,1,35,1
"1392",0,1,1,0,1,0,1,1,0,1,35,1
"1393",0,1,0,0,1,0,0,0,1,1,35,1
"1394",0,1,0,0,1,0,1,0,1,1,35,1
"1395",1,1,1,0,1,0,0,0,0,1,35,1
"1396",0,1,0,0,1,0,1,1,1,1,35,1
"1397",0,1,0,0,1,0,0,0,0,0,35,1
"1398",0,1,1,0,1,1,1,1,1,0,35,1
"1399",1,1,1,0,0,1,1,1,0,1,35,1
"1400",1,1,1,0,0,1,0,0,1,1,35,1
"1401",0,0,1,0,1,1,0,0,1,0,40,1
"1402",0,1,1,0,1,1,0,1,1,1,40,1
"1403",0,1,1,0,1,0,1,1,1,0,40,1
"1404",0,1,1,0,1,1,0,0,0,0,40,1
"1405",0,1,1,1,1,0,1,0,1,1,40,1
"1406",0,1,0,0,1,1,0,1,0,1,40,1
"1407",0,1,0,0,1,1,0,1,0,1,40,1
"1408",0,1,1,0,1,1,0,1,0,1,40,1
"1409",0,1,0,0,1,1,0,1,1,0,40,1
"1410",1,1,0,0,1,0,0,1,0,1,40,1
"1411",0,1,1,0,1,1,0,0,0,1,40,1
"1412",1,1,0,0,0,1,0,1,1,1,40,1
"1413",0,1,1,0,1,0,0,1,0,1,40,1
"1414",1,0,0,0,1,1,1,0,0,1,40,1
"1415",0,0,0,0,1,0,0,1,1,1,40,1
"1416",0,1,1,0,0,1,1,1,0,1,40,1
"1417",0,1,0,1,1,1,0,1,0,1,40,1
"1418",0,1,0,0,1,1,0,0,0,1,40,1
"1419",1,0,1,0,1,1,0,1,1,1,40,1
"1420",0,1,0,0,1,1,0,1,1,1,40,1
"1421",0,1,1,0,1,1,1,0,1,1,40,1
"1422",0,1,1,0,1,0,1,0,1,0,40,1
"1423",0,1,0,0,1,0,1,1,1,1,40,1
"1424",0,1,0,0,0,0,0,1,0,1,40,1
"1425",1,1,0,1,1,0,0,1,1,1,40,1
"1426",0,1,0,0,1,1,0,1,1,0,40,1
"1427",0,1,1,1,0,0,1,0,0,1,40,1
"1428",0,1,0,0,1,0,1,1,1,0,40,1
"1429",0,1,1,0,1,0,1,1,0,0,40,1
"1430",0,1,1,0,0,0,0,1,0,1,40,1
"1431",0,1,0,0,1,1,1,1,0,1,40,1
"1432",0,1,0,1,0,0,1,0,0,1,40,1
"1433",0,1,1,0,1,0,1,0,0,0,40,1
"1434",0,1,0,0,0,1,0,0,1,1,40,1
"1435",1,1,0,0,1,0,0,0,0,1,40,1
"1436",0,1,1,0,1,0,0,0,1,1,40,1
"1437",1,0,0,0,1,1,0,0,0,1,40,1
"1438",0,1,0,0,0,1,0,1,0,1,40,1
"1439",1,1,1,0,1,1,1,0,0,1,40,1
"1440",0,0,0,0,1,1,0,1,1,1,40,1
"1441",1,1,1,0,1,1,1,1,1,1,40,1
"1442",0,1,0,0,1,0,0,1,1,1,40,1
"1443",0,1,1,1,1,0,1,0,1,1,40,1
"1444",0,1,0,1,1,0,0,0,0,1,40,1
"1445",0,1,0,0,0,0,0,1,0,0,40,1
"1446",1,1,0,0,1,1,1,0,0,1,40,1
"1447",0,1,0,0,1,0,0,0,0,1,40,1
"1448",0,0,0,0,1,0,0,1,1,1,40,1
"1449",1,1,1,1,1,1,1,0,1,0,40,1
"1450",1,1,0,0,0,0,1,1,1,1,40,1
"1451",0,0,0,1,1,1,0,0,0,0,40,1
"1452",0,1,0,1,1,0,0,0,0,1,40,1
"1453",0,1,1,0,0,0,0,1,0,1,40,1
"1454",0,1,0,1,1,1,0,1,0,0,40,1
"1455",1,1,1,1,0,1,1,1,1,0,40,1
"1456",0,1,0,0,1,1,0,0,0,1,40,1
"1457",0,1,1,0,1,1,0,1,1,1,40,1
"1458",0,1,0,1,1,1,0,1,0,1,40,1
"1459",0,1,1,0,1,0,1,0,0,1,40,1
"1460",0,0,1,1,1,1,0,0,1,1,40,1
"1461",0,0,1,0,1,0,0,0,0,0,40,1
"1462",0,1,1,0,0,1,1,1,1,0,40,1
"1463",0,1,1,1,1,0,0,0,0,1,40,1
"1464",1,1,1,0,0,1,0,0,0,1,40,1
"1465",0,1,1,0,1,0,1,1,1,1,40,1
"1466",0,1,1,0,1,0,1,0,0,0,40,1
"1467",0,1,0,0,1,0,1,1,1,1,40,1
"1468",0,1,1,0,1,1,1,0,1,1,40,1
"1469",0,1,0,0,1,1,0,0,1,1,40,1
"1470",0,1,1,0,1,1,0,1,1,1,40,1
"1471",0,1,0,0,0,0,1,0,1,1,40,1
"1472",0,1,1,0,1,0,1,0,0,1,40,1
"1473",0,1,1,0,1,1,0,1,0,0,40,1
"1474",1,0,0,0,1,0,0,1,1,1,40,1
"1475",0,0,0,0,1,1,0,1,0,1,40,1
"1476",1,1,0,0,1,0,0,1,0,1,40,1
"1477",0,0,1,1,1,0,1,0,1,0,40,1
"1478",0,1,0,0,0,1,0,1,0,1,40,1
"1479",0,1,1,0,1,0,1,1,0,0,40,1
"1480",0,1,0,0,0,1,0,1,0,1,40,1
"1481",0,1,1,0,1,0,0,1,1,1,40,1
"1482",0,0,0,0,1,1,1,1,1,1,40,1
"1483",0,1,0,0,1,0,0,0,1,1,40,1
"1484",0,1,1,0,1,1,0,1,0,0,40,1
"1485",0,1,1,0,1,0,0,0,0,1,40,1
"1486",1,1,0,1,1,1,0,0,0,0,40,1
"1487",0,1,1,0,1,1,0,0,1,1,40,1
"1488",0,1,0,0,1,0,0,0,0,1,40,1
"1489",0,1,1,0,1,0,1,0,1,1,40,1
"1490",1,1,1,1,1,1,1,1,0,1,40,1
"1491",0,1,0,0,1,1,0,1,1,1,40,1
"1492",0,1,1,0,1,0,0,1,0,1,40,1
"1493",0,0,0,1,1,0,0,0,0,1,40,1
"1494",0,0,1,0,1,0,0,0,0,1,40,1
"1495",0,1,0,0,0,1,1,1,1,1,40,1
"1496",0,1,1,0,1,0,1,1,1,1,40,1
"1497",0,1,1,0,1,1,0,1,0,1,40,1
"1498",1,1,1,0,1,0,1,0,0,0,40,1
"1499",1,1,1,0,1,1,0,1,0,1,40,1
"1500",0,0,0,0,1,0,0,1,1,1,40,1
"1501",0,1,0,0,0,0,1,1,1,1,45,1
"1502",0,1,1,0,1,0,0,1,0,1,45,1
"1503",0,1,0,0,1,0,1,1,0,1,45,1
"1504",0,1,1,0,1,0,1,1,1,1,45,1
"1505",0,1,0,0,0,1,0,0,0,1,45,1
"1506",1,1,1,0,1,0,0,0,0,0,45,1
"1507",1,1,1,1,0,1,0,1,0,1,45,1
"1508",0,1,0,0,1,1,0,0,0,1,45,1
"1509",0,0,1,1,0,1,0,1,1,0,45,1
"1510",0,1,1,0,1,0,1,1,1,1,45,1
"1511",0,1,0,0,1,0,0,1,1,1,45,1
"1512",0,0,0,0,1,1,0,0,0,1,45,1
"1513",0,0,0,0,1,1,0,0,0,0,45,1
"1514",0,1,1,0,1,1,0,1,0,1,45,1
"1515",0,0,0,0,0,0,1,1,0,1,45,1
"1516",0,1,0,0,1,0,1,1,0,1,45,1
"1517",1,0,1,0,1,0,0,0,0,1,45,1
"1518",0,1,0,0,1,0,0,1,0,1,45,1
"1519",1,1,0,0,1,1,1,1,0,0,45,1
"1520",0,1,0,0,0,1,0,1,1,0,45,1
"1521",0,1,1,0,1,1,0,1,0,1,45,1
"1522",0,1,1,0,0,0,0,1,0,0,45,1
"1523",0,1,1,0,1,0,0,0,0,1,45,1
"1524",1,1,0,0,1,1,1,1,1,0,45,1
"1525",0,0,1,0,1,1,1,1,0,0,45,1
"1526",0,1,0,1,1,0,0,1,0,1,45,1
"1527",0,1,0,1,1,1,0,1,1,1,45,1
"1528",0,1,0,1,1,1,1,0,0,0,45,1
"1529",0,1,0,0,0,1,0,1,1,1,45,1
"1530",0,1,0,0,0,1,0,0,0,1,45,1
"1531",1,1,0,1,1,1,1,1,0,0,45,1
"1532",1,1,0,0,1,1,1,1,0,1,45,1
"1533",1,1,1,0,0,1,1,1,1,1,45,1
"1534",0,1,0,0,1,1,0,1,0,1,45,1
"1535",0,1,1,0,1,0,0,0,1,1,45,1
"1536",0,1,0,0,1,0,0,1,1,1,45,1
"1537",1,0,0,0,0,1,0,0,0,1,45,1
"1538",0,1,1,0,1,0,0,0,0,1,45,1
"1539",0,1,0,1,1,0,1,1,0,1,45,1
"1540",0,1,1,0,0,0,1,1,0,1,45,1
"1541",0,1,0,0,1,1,0,0,1,1,45,1
"1542",1,1,0,0,1,1,0,1,1,1,45,1
"1543",0,1,1,0,1,1,0,1,0,1,45,1
"1544",0,1,1,0,1,0,0,1,0,0,45,1
"1545",0,0,1,1,0,0,1,1,0,0,45,1
"1546",1,1,0,0,1,0,1,0,0,0,45,1
"1547",1,1,0,0,0,0,1,1,0,1,45,1
"1548",1,1,1,0,1,1,1,0,0,1,45,1
"1549",0,1,1,0,1,1,0,1,1,1,45,1
"1550",0,1,1,0,1,0,0,1,1,0,45,1
"1551",1,1,0,0,1,1,0,0,1,1,45,1
"1552",0,1,1,1,1,1,0,1,0,0,45,1
"1553",0,1,1,0,0,0,1,0,0,1,45,1
"1554",1,1,0,0,1,0,0,1,1,1,45,1
"1555",0,1,0,0,1,1,0,1,0,1,45,1
"1556",0,1,0,1,1,0,1,0,1,1,45,1
"1557",0,1,0,1,1,1,0,1,0,0,45,1
"1558",0,1,0,0,1,1,1,1,0,0,45,1
"1559",0,1,0,0,1,0,1,1,0,1,45,1
"1560",1,1,0,1,1,1,1,1,1,0,45,1
"1561",0,1,0,0,1,1,1,1,1,1,45,1
"1562",0,1,0,1,1,0,1,1,1,1,45,1
"1563",0,1,0,0,1,0,0,1,0,0,45,1
"1564",0,1,0,1,1,1,0,0,0,1,45,1
"1565",0,1,0,1,1,1,1,1,1,1,45,1
"1566",0,0,1,0,1,1,0,1,0,0,45,1
"1567",0,1,0,0,1,1,0,0,1,0,45,1
"1568",0,1,0,0,1,1,0,0,0,1,45,1
"1569",0,1,0,0,1,1,1,0,1,0,45,1
"1570",0,0,0,0,1,1,0,1,0,0,45,1
"1571",0,1,1,0,1,0,0,1,0,0,45,1
"1572",0,1,1,0,0,1,0,1,1,1,45,1
"1573",0,0,1,0,1,0,0,0,0,1,45,1
"1574",0,1,0,1,1,0,1,1,1,1,45,1
"1575",0,1,1,0,1,1,0,1,0,1,45,1
"1576",0,0,1,0,1,0,0,1,0,1,45,1
"1577",1,1,0,0,1,1,1,0,1,1,45,1
"1578",1,1,0,1,0,0,1,1,1,1,45,1
"1579",0,1,0,1,1,1,1,1,1,1,45,1
"1580",0,1,0,0,0,0,0,1,0,1,45,1
"1581",1,0,0,0,0,1,0,1,0,1,45,1
"1582",0,1,0,0,1,1,0,0,1,1,45,1
"1583",0,1,1,0,1,1,1,0,1,1,45,1
"1584",1,1,1,0,1,0,1,1,0,0,45,1
"1585",1,1,0,0,0,1,0,1,1,1,45,1
"1586",0,1,0,0,1,1,1,1,0,1,45,1
"1587",0,1,0,1,1,1,0,0,0,0,45,1
"1588",0,1,1,1,1,0,1,0,0,1,45,1
"1589",0,0,0,1,1,1,0,1,0,1,45,1
"1590",0,1,0,0,1,1,1,1,0,1,45,1
"1591",0,1,0,0,0,0,0,0,1,1,45,1
"1592",0,1,0,0,1,1,1,1,1,1,45,1
"1593",1,1,0,0,1,1,1,1,0,1,45,1
"1594",0,1,0,1,1,0,0,0,0,1,45,1
"1595",0,0,0,0,1,1,0,1,0,1,45,1
"1596",0,0,0,0,1,0,0,1,0,1,45,1
"1597",1,1,0,0,1,1,0,1,0,1,45,1
"1598",0,1,0,0,1,1,1,0,0,1,45,1
"1599",0,1,1,1,1,0,0,0,1,1,45,1
"1600",0,1,0,1,1,0,1,0,1,0,45,1
"1601",0,1,0,0,1,1,0,1,0,1,50,1
"1602",0,0,0,1,0,1,1,1,0,1,50,1
"1603",0,0,0,0,1,0,1,1,0,1,50,1
"1604",0,1,0,0,1,1,1,0,0,1,50,1
"1605",0,1,0,1,1,0,0,0,0,1,50,1
"1606",0,0,0,0,1,1,1,0,0,1,50,1
"1607",0,1,0,0,0,0,0,1,1,1,50,1
"1608",0,1,0,0,0,0,0,1,0,1,50,1
"1609",0,1,0,0,1,0,1,1,1,1,50,1
"1610",1,1,0,0,1,1,1,1,0,1,50,1
"1611",0,1,0,0,0,1,0,0,0,0,50,1
"1612",0,1,0,1,1,1,0,0,0,1,50,1
"1613",0,1,1,0,1,1,0,1,0,1,50,1
"1614",0,1,0,0,1,1,1,1,0,1,50,1
"1615",0,1,0,0,1,0,0,1,0,1,50,1
"1616",0,1,1,0,1,1,0,0,1,1,50,1
"1617",0,1,0,1,1,1,0,1,0,1,50,1
"1618",1,1,0,0,1,1,0,0,0,1,50,1
"1619",1,1,0,0,1,0,1,1,1,1,50,1
"1620",1,1,0,0,1,1,1,1,0,1,50,1
"1621",1,1,0,0,1,0,0,1,0,1,50,1
"1622",0,1,1,0,1,1,0,1,1,1,50,1
"1623",0,0,1,0,1,1,0,0,0,1,50,1
"1624",0,0,0,0,1,1,0,1,0,1,50,1
"1625",0,1,1,0,1,0,1,1,0,1,50,1
"1626",0,1,1,0,0,1,0,0,1,1,50,1
"1627",0,0,0,1,1,0,0,1,0,0,50,1
"1628",0,1,0,0,1,1,0,0,0,1,50,1
"1629",0,1,0,0,1,1,0,1,0,1,50,1
"1630",0,1,0,1,1,0,0,1,1,1,50,1
"1631",0,1,1,0,0,0,0,0,0,1,50,1
"1632",0,0,0,0,1,1,0,1,0,1,50,1
"1633",0,1,0,0,1,1,0,0,1,1,50,1
"1634",0,1,0,0,1,0,0,1,1,0,50,1
"1635",0,1,0,0,1,1,1,0,0,1,50,1
"1636",0,1,1,0,1,0,0,0,0,0,50,1
"1637",1,1,0,0,1,1,1,0,0,1,50,1
"1638",0,1,0,0,1,0,0,1,0,1,50,1
"1639",0,1,0,1,1,1,0,1,1,1,50,1
"1640",0,1,0,0,1,1,0,0,0,1,50,1
"1641",0,1,0,0,1,1,1,1,0,1,50,1
"1642",0,1,0,0,1,0,0,1,0,1,50,1
"1643",0,0,0,0,0,1,1,0,0,0,50,1
"1644",0,1,0,0,1,0,0,1,0,1,50,1
"1645",0,0,1,1,1,1,0,1,1,1,50,1
"1646",0,0,1,1,1,1,0,1,1,1,50,1
"1647",1,1,0,0,1,1,0,1,0,0,50,1
"1648",0,0,1,0,1,1,1,0,0,1,50,1
"1649",0,1,0,0,0,1,1,1,0,0,50,1
"1650",0,1,0,0,1,1,0,1,0,1,50,1
"1651",0,1,0,0,0,1,0,1,0,0,50,1
"1652",0,1,0,0,1,0,1,1,1,1,50,1
"1653",0,1,0,0,1,1,1,1,0,1,50,1
"1654",0,0,1,0,1,1,0,1,0,1,50,1
"1655",0,1,1,0,1,0,0,0,0,1,50,1
"1656",1,1,1,0,1,1,0,1,0,1,50,1
"1657",0,1,1,0,1,0,0,1,0,1,50,1
"1658",1,1,1,0,1,0,1,1,0,1,50,1
"1659",0,1,0,0,1,1,0,1,0,1,50,1
"1660",0,1,0,0,0,1,0,1,0,0,50,1
"1661",0,1,1,1,1,0,0,1,0,1,50,1
"1662",0,0,0,1,0,1,1,1,0,1,50,1
"1663",0,1,0,0,0,1,1,0,0,0,50,1
"1664",1,1,0,0,1,0,0,1,0,0,50,1
"1665",1,1,1,1,1,1,0,0,0,1,50,1
"1666",0,0,0,0,1,1,1,1,0,1,50,1
"1667",0,1,0,0,0,0,1,1,0,1,50,1
"1668",0,1,0,1,0,1,0,0,1,0,50,1
"1669",0,1,0,0,1,0,1,0,0,1,50,1
"1670",0,1,0,0,1,0,0,1,0,1,50,1
"1671",0,0,1,0,1,0,0,1,0,1,50,1
"1672",0,1,0,0,1,1,0,1,1,1,50,1
"1673",0,1,1,0,1,0,0,1,0,0,50,1
"1674",0,0,1,0,1,1,0,1,0,0,50,1
"1675",1,1,0,0,1,1,1,1,0,1,50,1
"1676",0,1,0,1,0,0,0,1,0,0,50,1
"1677",0,1,1,0,1,1,0,1,1,1,50,1
"1678",1,1,0,0,1,1,1,1,0,0,50,1
"1679",0,1,0,0,1,0,0,1,0,1,50,1
"1680",1,1,1,1,1,1,0,1,0,1,50,1
"1681",1,1,0,0,1,1,0,1,0,1,50,1
"1682",1,1,1,0,1,0,0,1,0,1,50,1
"1683",1,1,1,1,1,1,0,0,1,0,50,1
"1684",0,1,1,0,0,1,1,0,1,1,50,1
"1685",0,1,0,1,1,1,1,1,1,1,50,1
"1686",0,1,0,0,1,1,0,0,0,1,50,1
"1687",0,1,0,0,1,1,0,1,0,1,50,1
"1688",0,0,0,1,1,1,1,0,0,1,50,1
"1689",0,1,0,0,1,1,0,0,0,1,50,1
"1690",0,1,0,0,1,1,1,0,0,1,50,1
"1691",1,1,0,0,0,1,1,1,0,1,50,1
"1692",0,1,1,0,0,0,0,0,0,0,50,1
"1693",0,1,0,1,1,1,0,0,0,0,50,1
"1694",0,0,1,0,1,0,0,1,1,1,50,1
"1695",1,1,0,0,1,1,0,1,0,1,50,1
"1696",0,1,0,0,1,1,0,1,1,1,50,1
"1697",0,1,0,1,1,0,0,1,0,1,50,1
"1698",0,1,0,0,0,1,0,1,1,1,50,1
"1699",1,1,0,0,1,1,1,1,0,1,50,1
"1700",0,1,0,0,0,1,0,0,0,0,50,1
"1701",0,1,1,1,1,0,0,1,0,1,55,1
"1702",0,1,1,0,1,1,0,1,1,1,55,1
"1703",0,1,0,0,1,1,0,1,0,1,55,1
"1704",0,1,0,0,1,1,1,1,0,1,55,1
"1705",1,1,1,0,1,1,0,1,0,1,55,1
"1706",0,1,0,0,1,1,0,1,0,1,55,1
"1707",0,1,0,0,1,1,0,1,1,1,55,1
"1708",0,1,1,0,1,1,0,0,0,0,55,1
"1709",1,1,1,1,1,1,0,1,0,1,55,1
"1710",0,0,0,0,1,1,0,0,0,0,55,1
"1711",1,1,0,1,1,1,1,1,0,1,55,1
"1712",0,1,0,0,1,1,0,1,0,1,55,1
"1713",0,1,0,0,1,1,0,1,0,1,55,1
"1714",0,1,0,0,0,1,0,1,0,1,55,1
"1715",1,1,0,0,1,1,0,1,1,1,55,1
"1716",0,1,0,0,0,1,1,1,0,1,55,1
"1717",0,0,1,0,1,1,1,0,0,0,55,1
"1718",0,1,0,0,0,1,0,1,0,1,55,1
"1719",1,1,0,0,0,1,0,1,0,1,55,1
"1720",0,1,0,0,1,0,0,1,0,1,55,1
"1721",0,1,0,0,1,0,0,0,0,0,55,1
"1722",0,1,0,0,1,1,0,1,0,1,55,1
"1723",1,0,0,0,1,1,0,1,0,0,55,1
"1724",0,1,1,0,1,1,0,1,0,1,55,1
"1725",0,1,1,0,1,1,0,1,0,1,55,1
"1726",0,0,0,1,1,0,0,1,1,1,55,1
"1727",0,1,0,0,0,1,1,1,0,1,55,1
"1728",0,1,0,0,1,1,0,1,0,1,55,1
"1729",0,1,0,1,1,0,0,0,0,1,55,1
"1730",0,1,1,0,1,1,0,1,0,1,55,1
"1731",0,1,0,1,1,0,0,1,0,1,55,1
"1732",0,1,0,0,0,0,1,1,0,0,55,1
"1733",0,1,0,0,1,0,0,1,1,1,55,1
"1734",0,1,1,1,1,1,1,1,0,1,55,1
"1735",0,1,0,0,0,1,0,1,0,1,55,1
"1736",0,1,1,1,0,1,0,1,0,1,55,1
"1737",0,1,0,0,1,0,1,1,0,1,55,1
"1738",0,0,1,0,1,1,0,1,0,1,55,1
"1739",0,1,1,0,1,1,0,0,1,0,55,1
"1740",0,0,1,1,1,0,0,1,1,1,55,1
"1741",1,0,0,0,1,0,1,1,1,0,55,1
"1742",0,0,0,0,1,1,0,1,0,1,55,1
"1743",0,0,0,1,1,0,0,0,0,0,55,1
"1744",0,1,1,1,0,0,0,1,0,1,55,1
"1745",0,1,0,0,1,1,0,0,0,1,55,1
"1746",0,1,0,0,0,1,1,1,0,1,55,1
"1747",0,1,0,1,1,1,0,0,0,1,55,1
"1748",1,1,0,0,1,1,0,1,0,1,55,1
"1749",0,1,0,1,1,1,0,1,0,0,55,1
"1750",0,1,0,0,1,1,0,1,1,1,55,1
"1751",0,0,1,0,1,1,0,0,0,1,55,1
"1752",0,1,0,0,0,1,0,1,0,1,55,1
"1753",0,1,0,0,0,1,0,1,0,1,55,1
"1754",1,1,0,1,1,0,0,1,0,1,55,1
"1755",0,1,0,1,1,1,1,1,0,1,55,1
"1756",1,1,0,0,1,0,0,1,0,1,55,1
"1757",1,0,0,1,1,1,0,1,0,0,55,1
"1758",0,1,0,1,1,0,0,1,0,1,55,1
"1759",0,1,0,1,1,1,0,1,0,1,55,1
"1760",0,1,0,0,1,1,0,1,0,1,55,1
"1761",0,0,1,1,1,1,0,0,0,1,55,1
"1762",0,1,0,1,1,1,1,1,0,1,55,1
"1763",0,1,0,1,0,1,1,1,0,0,55,1
"1764",0,1,0,0,1,1,0,0,0,1,55,1
"1765",0,1,1,0,1,1,0,1,0,1,55,1
"1766",0,0,1,1,0,0,0,1,0,1,55,1
"1767",0,1,0,0,1,1,0,1,1,1,55,1
"1768",1,1,0,1,1,1,0,0,1,0,55,1
"1769",0,1,0,0,0,1,0,1,0,0,55,1
"1770",1,1,1,0,0,1,0,0,1,1,55,1
"1771",0,1,0,1,1,0,0,0,0,1,55,1
"1772",0,0,0,0,1,1,0,0,1,1,55,1
"1773",1,1,0,1,1,1,1,1,0,1,55,1
"1774",0,0,1,0,1,1,1,1,1,1,55,1
"1775",0,0,1,0,1,1,0,1,0,1,55,1
"1776",0,1,0,1,1,1,1,1,1,1,55,1
"1777",0,0,1,0,1,1,0,1,0,0,55,1
"1778",0,0,0,1,1,1,0,1,0,1,55,1
"1779",0,1,0,0,1,1,0,0,1,1,55,1
"1780",0,1,0,1,1,1,1,1,0,1,55,1
"1781",0,0,0,0,1,1,1,0,0,1,55,1
"1782",0,1,0,0,1,1,0,1,0,1,55,1
"1783",0,1,0,0,1,1,0,1,0,1,55,1
"1784",0,1,0,0,1,1,0,0,1,1,55,1
"1785",0,1,0,0,1,1,0,1,1,0,55,1
"1786",0,0,0,0,1,1,0,1,0,0,55,1
"1787",0,1,0,0,1,1,0,1,0,1,55,1
"1788",1,1,0,1,1,1,0,1,0,1,55,1
"1789",0,0,0,0,1,0,0,0,0,1,55,1
"1790",1,1,0,0,1,1,1,1,0,1,55,1
"1791",1,1,0,0,1,0,1,1,0,1,55,1
"1792",1,1,0,0,0,0,0,0,0,0,55,1
"1793",0,0,0,0,1,0,0,1,0,1,55,1
"1794",0,0,0,0,1,1,0,1,0,1,55,1
"1795",0,1,1,0,0,0,0,1,1,1,55,1
"1796",1,0,0,0,1,1,0,1,0,0,55,1
"1797",0,0,1,0,1,1,0,1,0,0,55,1
"1798",1,1,1,1,1,1,1,1,1,1,55,1
"1799",0,1,0,0,1,1,0,0,0,0,55,1
"1800",0,1,0,0,1,1,0,1,1,1,55,1
"1801",0,1,0,1,1,1,0,1,0,1,60,1
"1802",1,1,1,1,1,1,1,1,0,1,60,1
"1803",1,1,0,0,1,1,0,1,0,1,60,1
"1804",0,1,0,0,1,1,0,0,0,1,60,1
"1805",0,1,0,0,1,1,0,1,0,1,60,1
"1806",0,1,0,0,1,1,0,1,0,0,60,1
"1807",1,0,0,0,1,1,0,1,0,1,60,1
"1808",1,1,0,0,1,1,0,1,1,1,60,1
"1809",0,0,1,0,1,1,0,1,0,1,60,1
"1810",0,1,0,0,1,1,1,0,0,1,60,1
"1811",0,1,0,0,0,1,0,1,0,1,60,1
"1812",0,1,0,0,1,1,0,1,0,1,60,1
"1813",1,1,0,0,1,1,0,1,0,1,60,1
"1814",0,1,0,0,1,1,1,1,0,1,60,1
"1815",0,1,0,0,1,1,0,1,0,0,60,1
"1816",0,0,0,0,1,0,0,1,0,1,60,1
"1817",0,1,0,0,1,1,0,1,0,1,60,1
"1818",0,1,0,0,0,1,0,1,0,1,60,1
"1819",0,1,0,0,1,1,0,1,0,1,60,1
"1820",0,1,0,0,1,1,0,1,0,1,60,1
"1821",0,1,0,0,1,1,0,1,0,0,60,1
"1822",1,1,0,1,0,1,0,1,0,1,60,1
"1823",0,1,1,1,0,1,0,1,0,1,60,1
"1824",0,1,0,0,1,1,0,1,0,0,60,1
"1825",0,1,0,0,1,1,0,1,0,1,60,1
"1826",0,1,0,0,1,1,0,1,0,1,60,1
"1827",0,0,0,0,1,1,0,1,0,1,60,1
"1828",0,1,1,1,1,1,0,1,0,1,60,1
"1829",0,1,0,1,1,1,0,1,0,1,60,1
"1830",0,1,0,0,1,1,0,0,0,1,60,1
"1831",0,1,0,0,0,1,0,1,0,0,60,1
"1832",1,1,1,0,1,1,0,1,0,1,60,1
"1833",0,1,0,0,1,1,0,1,0,1,60,1
"1834",0,1,1,0,1,1,0,1,0,0,60,1
"1835",0,0,0,1,0,1,0,1,1,1,60,1
"1836",0,1,0,1,1,1,0,1,1,1,60,1
"1837",0,1,0,0,1,1,0,1,0,1,60,1
"1838",0,1,0,0,1,1,0,1,0,1,60,1
"1839",0,1,0,0,1,1,0,1,0,0,60,1
"1840",0,1,0,1,1,0,0,1,0,1,60,1
"1841",0,1,0,1,1,1,0,1,1,1,60,1
"1842",0,0,0,0,1,1,0,1,0,1,60,1
"1843",1,0,0,1,1,1,0,1,0,1,60,1
"1844",0,0,1,0,1,1,0,1,1,1,60,1
"1845",0,1,0,0,0,1,0,1,0,1,60,1
"1846",0,1,0,0,0,0,0,1,0,1,60,1
"1847",0,1,0,1,0,1,0,1,0,1,60,1
"1848",0,1,0,0,0,1,1,1,0,1,60,1
"1849",1,0,0,1,1,0,0,1,1,1,60,1
"1850",1,1,0,1,1,1,0,1,0,1,60,1
"1851",0,1,0,0,1,1,0,1,0,1,60,1
"1852",0,1,0,0,1,1,1,1,0,1,60,1
"1853",1,1,0,0,1,1,0,1,0,0,60,1
"1854",0,1,0,0,1,1,1,1,0,1,60,1
"1855",0,1,1,0,1,0,0,1,0,1,60,1
"1856",0,1,0,0,1,1,0,1,0,1,60,1
"1857",0,1,0,0,1,1,0,1,0,0,60,1
"1858",1,1,1,0,0,1,0,1,0,1,60,1
"1859",1,1,0,1,1,1,0,1,0,1,60,1
"1860",0,1,0,0,0,0,0,1,0,1,60,1
"1861",1,1,0,0,1,0,0,1,0,1,60,1
"1862",0,1,0,0,1,1,0,1,0,1,60,1
"1863",0,1,1,0,1,1,0,1,0,1,60,1
"1864",1,1,0,0,0,1,0,1,0,1,60,1
"1865",0,1,0,1,1,1,0,1,1,1,60,1
"1866",1,0,0,0,1,1,0,1,0,1,60,1
"1867",0,1,0,0,1,1,0,1,0,1,60,1
"1868",0,1,0,0,1,1,0,1,0,0,60,1
"1869",0,1,0,1,0,1,0,1,0,1,60,1
"1870",0,1,0,0,1,1,0,1,0,1,60,1
"1871",0,1,0,0,0,1,0,1,0,1,60,1
"1872",0,0,0,0,1,0,0,1,0,1,60,1
"1873",0,1,1,1,1,0,0,1,0,1,60,1
"1874",0,1,0,1,0,1,0,1,0,1,60,1
"1875",1,1,0,0,0,1,0,1,0,1,60,1
"1876",0,0,0,0,1,1,1,1,0,1,60,1
"1877",0,1,0,0,1,1,0,1,0,1,60,1
"1878",0,0,0,0,1,1,0,0,0,1,60,1
"1879",0,1,0,1,1,1,0,1,1,1,60,1
"1880",0,1,0,1,1,1,0,1,0,1,60,1
"1881",0,1,0,0,1,0,0,1,0,0,60,1
"1882",0,1,0,0,0,1,0,1,1,1,60,1
"1883",0,1,0,0,1,1,0,0,0,1,60,1
"1884",0,1,0,0,1,1,0,1,0,1,60,1
"1885",1,1,0,0,0,1,0,1,1,0,60,1
"1886",0,1,1,0,1,1,0,0,0,1,60,1
"1887",0,1,0,0,1,1,0,1,0,1,60,1
"1888",0,1,0,0,1,1,0,1,0,1,60,1
"1889",0,1,1,1,1,1,1,1,0,1,60,1
"1890",1,1,0,0,0,1,0,1,0,1,60,1
"1891",0,1,0,0,1,1,1,1,0,1,60,1
"1892",1,1,0,1,1,1,0,1,0,1,60,1
"1893",0,1,0,1,1,1,0,1,0,1,60,1
"1894",0,1,0,0,1,1,0,1,0,1,60,1
"1895",0,1,1,0,1,1,0,0,0,1,60,1
"1896",0,1,0,1,1,1,0,1,0,0,60,1
"1897",0,0,0,1,1,1,0,1,0,1,60,1
"1898",0,1,0,0,0,1,0,1,0,1,60,1
"1899",0,1,0,0,1,1,0,1,0,1,60,1
"1900",1,1,0,1,1,1,0,1,0,1,60,1
"1901",1,0,0,0,1,1,0,1,0,1,65,1
"1902",0,1,0,0,1,1,0,1,0,1,65,1
"1903",0,1,0,0,1,1,0,1,0,0,65,1
"1904",0,1,0,1,0,1,0,1,0,1,65,1
"1905",0,1,0,0,1,1,0,1,0,1,65,1
"1906",1,0,0,0,0,1,0,1,0,1,65,1
"1907",1,0,0,0,1,1,0,1,0,1,65,1
"1908",0,1,0,0,0,1,0,1,0,1,65,1
"1909",1,1,0,0,0,1,0,1,0,1,65,1
"1910",0,1,0,1,1,1,0,1,0,1,65,1
"1911",0,0,0,1,1,1,0,1,0,1,65,1
"1912",0,1,0,1,1,1,0,1,0,1,65,1
"1913",0,1,0,1,0,1,0,1,0,1,65,1
"1914",0,1,0,0,1,1,0,1,0,1,65,1
"1915",0,0,0,1,1,1,0,1,0,1,65,1
"1916",0,1,0,0,1,1,0,1,0,1,65,1
"1917",0,1,0,0,1,1,0,1,0,1,65,1
"1918",0,1,0,0,1,1,0,1,0,1,65,1
"1919",0,1,0,0,1,1,0,1,0,0,65,1
"1920",0,1,0,1,1,1,0,1,0,1,65,1
"1921",0,1,0,0,0,1,0,1,0,1,65,1
"1922",0,1,0,0,1,1,0,1,0,1,65,1
"1923",0,0,0,0,1,1,0,1,0,1,65,1
"1924",1,0,0,0,1,1,0,1,0,1,65,1
"1925",0,1,0,1,1,1,0,1,0,1,65,1
"1926",0,1,0,0,1,1,0,1,0,1,65,1
"1927",0,1,0,0,1,1,0,1,0,1,65,1
"1928",0,1,0,1,1,1,0,1,0,1,65,1
"1929",0,1,0,0,1,1,0,1,0,0,65,1
"1930",0,1,0,1,0,1,0,1,0,1,65,1
"1931",0,1,0,0,1,1,0,1,0,0,65,1
"1932",1,1,0,0,1,1,0,1,0,0,65,1
"1933",0,1,0,1,1,1,0,1,0,1,65,1
"1934",1,1,0,0,1,1,0,1,0,1,65,1
"1935",1,1,0,0,0,1,0,1,0,1,65,1
"1936",0,1,0,0,1,1,0,1,0,1,65,1
"1937",0,1,0,0,1,1,0,1,0,0,65,1
"1938",1,1,0,1,1,1,0,1,0,1,65,1
"1939",1,1,0,0,1,1,0,1,0,0,65,1
"1940",1,1,0,1,1,1,0,1,0,1,65,1
"1941",0,0,0,0,1,1,0,1,0,1,65,1
"1942",0,0,0,0,1,1,0,1,0,1,65,1
"1943",1,1,0,1,1,1,0,1,0,1,65,1
"1944",0,0,0,0,0,1,0,1,0,1,65,1
"1945",1,1,0,0,1,1,0,1,0,1,65,1
"1946",0,0,0,0,1,1,0,1,0,1,65,1
"1947",0,1,0,1,1,1,0,1,0,1,65,1
"1948",1,1,0,0,1,1,0,1,0,1,65,1
"1949",0,1,0,1,1,1,0,1,0,1,65,1
"1950",0,1,0,0,1,1,0,1,0,0,65,1
"1951",0,1,0,1,0,1,0,1,0,1,65,1
"1952",0,1,0,0,1,1,0,1,0,1,65,1
"1953",1,0,0,0,0,1,0,1,0,1,65,1
"1954",0,1,0,0,1,1,0,1,0,1,65,1
"1955",0,1,0,0,1,1,0,1,0,0,65,1
"1956",0,0,0,1,1,1,0,1,0,1,65,1
"1957",0,1,0,0,0,1,0,1,0,1,65,1
"1958",0,1,0,0,1,1,0,1,0,1,65,1
"1959",1,0,0,1,1,1,0,1,0,1,65,1
"1960",0,1,0,0,1,1,0,1,0,1,65,1
"1961",0,1,0,0,1,1,0,1,0,0,65,1
"1962",0,1,0,0,1,1,0,1,0,1,65,1
"1963",0,1,0,0,1,1,0,1,0,1,65,1
"1964",0,1,0,0,1,1,0,1,0,1,65,1
"1965",0,1,0,0,1,1,0,1,0,1,65,1
"1966",0,1,0,0,1,1,0,1,0,1,65,1
"1967",0,1,0,0,1,1,0,1,0,1,65,1
"1968",1,1,0,0,1,1,0,1,0,0,65,1
"1969",0,1,0,0,1,1,0,1,0,1,65,1
"1970",0,1,0,0,1,1,0,1,0,1,65,1
"1971",0,1,0,0,1,1,0,1,0,1,65,1
"1972",0,0,0,0,1,1,0,1,0,1,65,1
"1973",0,1,0,0,1,1,0,1,0,1,65,1
"1974",0,0,0,0,0,1,0,1,0,1,65,1
"1975",0,1,0,0,1,1,0,1,0,0,65,1
"1976",0,1,0,1,0,1,0,1,0,1,65,1
"1977",1,1,0,1,1,1,0,1,0,1,65,1
"1978",1,1,0,0,1,1,0,1,0,1,65,1
"1979",1,0,0,0,1,1,0,1,0,1,65,1
"1980",0,1,0,1,1,1,0,1,0,1,65,1
"1981",0,1,0,1,0,1,0,1,0,1,65,1
"1982",1,1,0,0,1,1,0,1,0,1,65,1
"1983",0,1,0,0,1,1,0,1,0,1,65,1
"1984",0,1,0,0,1,1,0,1,0,1,65,1
"1985",1,0,0,0,1,1,0,1,0,1,65,1
"1986",0,1,0,0,1,1,0,1,0,1,65,1
"1987",0,1,0,0,0,1,0,1,0,1,65,1
"1988",0,0,0,0,1,1,0,1,0,0,65,1
"1989",0,1,0,0,0,1,0,1,0,1,65,1
"1990",1,1,0,0,1,1,0,1,0,1,65,1
"1991",1,1,0,0,1,1,0,1,0,1,65,1
"1992",1,1,0,0,1,1,0,1,0,1,65,1
"1993",0,1,0,0,1,1,0,1,0,1,65,1
"1994",1,1,0,0,1,1,0,1,0,1,65,1
"1995",1,1,0,0,1,1,0,1,0,1,65,1
"1996",0,1,0,0,1,1,0,1,0,1,65,1
"1997",0,1,0,0,1,1,0,1,0,1,65,1
"1998",0,1,0,0,0,1,0,1,0,1,65,1
"1999",0,1,0,1,1,1,0,1,0,1,65,1
"2000",1,1,0,1,1,1,0,1,0,1,65,1
